# Blender v2.93.1 OBJ File: 'BENCH.blend'
# www.blender.org
mtllib BENCH.mtl
o Cube_Cube.002
v 0.256521 2.094706 1.592179
v 0.256521 2.086840 1.837431
v 0.044201 2.086840 1.592179
v 0.256521 2.093655 1.714644
v 0.150500 2.093655 1.592179
v 0.154987 2.092634 1.709461
v 0.150500 2.086840 1.804666
v 0.256521 2.090768 1.804666
v 0.154987 2.090602 1.772840
v 0.072566 2.090768 1.592179
v 0.072566 2.086840 1.714644
v 0.100119 2.090602 1.709461
v 0.256521 1.984712 1.837431
v 0.256521 1.976846 1.592179
v 0.044201 1.984712 1.592179
v 0.256521 1.980784 1.804666
v 0.150500 1.984712 1.804666
v 0.154987 1.980950 1.772840
v 0.150500 1.977897 1.592179
v 0.256521 1.977897 1.714644
v 0.154987 1.978918 1.709461
v 0.072566 1.984712 1.714644
v 0.072566 1.980784 1.592179
v 0.100119 1.980950 1.709461
v 0.256521 2.094706 -1.592179
v 0.044201 2.086840 -1.592179
v 0.256521 2.086840 -1.837431
v 0.150500 2.093655 -1.592179
v 0.256521 2.093655 -1.714644
v 0.154987 2.092634 -1.709461
v 0.072566 2.086840 -1.714644
v 0.072566 2.090768 -1.592179
v 0.100119 2.090602 -1.709461
v 0.256521 2.090768 -1.804666
v 0.150500 2.086840 -1.804666
v 0.154987 2.090602 -1.772840
v 0.256521 1.976846 -1.592179
v 0.256521 1.984712 -1.837431
v 0.044201 1.984712 -1.592179
v 0.256521 1.977897 -1.714644
v 0.150500 1.977897 -1.592179
v 0.154987 1.978918 -1.709461
v 0.150500 1.984712 -1.804666
v 0.256521 1.980784 -1.804666
v 0.154987 1.980950 -1.772840
v 0.072566 1.980784 -1.592179
v 0.072566 1.984712 -1.714644
v 0.100119 1.980950 -1.709461
v 3.013297 2.094706 1.592179
v 3.225618 2.086840 1.592179
v 3.013297 2.086840 1.837431
v 3.119318 2.093655 1.592179
v 3.013297 2.093655 1.714644
v 3.114831 2.092634 1.709461
v 3.197253 2.086840 1.714644
v 3.197253 2.090768 1.592179
v 3.169699 2.090602 1.709461
v 3.013297 2.090768 1.804666
v 3.119318 2.086840 1.804666
v 3.114831 2.090602 1.772840
v 3.013297 1.976846 1.592179
v 3.013297 1.984712 1.837431
v 3.225618 1.984712 1.592179
v 3.013297 1.977897 1.714644
v 3.119318 1.977897 1.592179
v 3.114831 1.978918 1.709461
v 3.119318 1.984712 1.804666
v 3.013297 1.980784 1.804666
v 3.114831 1.980950 1.772840
v 3.197253 1.980784 1.592179
v 3.197253 1.984712 1.714644
v 3.169699 1.980950 1.709461
v 3.013297 2.094706 -1.592179
v 3.013297 2.086840 -1.837431
v 3.225618 2.086840 -1.592179
v 3.013297 2.093655 -1.714644
v 3.119318 2.093655 -1.592179
v 3.114831 2.092634 -1.709461
v 3.119318 2.086840 -1.804666
v 3.013297 2.090768 -1.804666
v 3.114831 2.090602 -1.772840
v 3.197253 2.090768 -1.592179
v 3.197253 2.086840 -1.714644
v 3.169699 2.090602 -1.709461
v 3.013297 1.976846 -1.592179
v 3.225618 1.984712 -1.592179
v 3.013297 1.984712 -1.837431
v 3.119318 1.977897 -1.592179
v 3.013297 1.977897 -1.714644
v 3.114831 1.978918 -1.709461
v 3.197253 1.984712 -1.714644
v 3.197253 1.980784 -1.592179
v 3.169699 1.980950 -1.709461
v 3.013297 1.980784 -1.804666
v 3.119318 1.984712 -1.804666
v 3.114831 1.980950 -1.772840
v 0.564743 1.692798 1.309048
v 0.564743 1.687142 1.510688
v 0.412075 1.687142 1.309048
v 0.564743 1.692043 1.409735
v 0.488509 1.692043 1.309048
v 0.491735 1.691309 1.405474
v 0.488509 1.687142 1.483749
v 0.564743 1.689967 1.483749
v 0.491735 1.689847 1.457582
v 0.432471 1.689967 1.309048
v 0.432471 1.687142 1.409735
v 0.452283 1.689847 1.405474
v 0.564743 1.613708 1.510688
v 0.564743 1.608052 1.309048
v 0.412075 1.613708 1.309048
v 0.564743 1.610883 1.483749
v 0.488509 1.613708 1.483749
v 0.491735 1.611003 1.457582
v 0.488509 1.608807 1.309048
v 0.564743 1.608807 1.409735
v 0.491735 1.609541 1.405474
v 0.432471 1.613708 1.409735
v 0.432471 1.610883 1.309048
v 0.452283 1.611003 1.405474
v 0.564743 1.692798 -1.309048
v 0.412075 1.687142 -1.309048
v 0.564743 1.687142 -1.510688
v 0.488509 1.692043 -1.309048
v 0.564743 1.692043 -1.409735
v 0.491735 1.691309 -1.405474
v 0.432471 1.687142 -1.409735
v 0.432471 1.689967 -1.309048
v 0.452283 1.689847 -1.405474
v 0.564743 1.689967 -1.483749
v 0.488509 1.687142 -1.483749
v 0.491735 1.689847 -1.457582
v 0.564743 1.608052 -1.309048
v 0.564743 1.613708 -1.510688
v 0.412075 1.613708 -1.309048
v 0.564743 1.608807 -1.409735
v 0.488509 1.608807 -1.309048
v 0.491735 1.609541 -1.405474
v 0.488509 1.613708 -1.483749
v 0.564743 1.610883 -1.483749
v 0.491735 1.611003 -1.457582
v 0.432471 1.610883 -1.309048
v 0.432471 1.613708 -1.409735
v 0.452283 1.611003 -1.405474
v 2.546983 1.692798 1.309048
v 2.699651 1.687142 1.309048
v 2.546983 1.687142 1.510688
v 2.623217 1.692043 1.309048
v 2.546983 1.692043 1.409735
v 2.619990 1.691309 1.405474
v 2.679255 1.687142 1.409735
v 2.679255 1.689967 1.309048
v 2.659443 1.689847 1.405474
v 2.546983 1.689967 1.483749
v 2.623217 1.687142 1.483749
v 2.619990 1.689847 1.457582
v 2.546983 1.608052 1.309048
v 2.546983 1.613708 1.510688
v 2.699651 1.613708 1.309048
v 2.546983 1.608807 1.409735
v 2.623217 1.608807 1.309048
v 2.619990 1.609541 1.405474
v 2.623217 1.613708 1.483749
v 2.546983 1.610883 1.483749
v 2.619990 1.611003 1.457582
v 2.679255 1.610883 1.309048
v 2.679255 1.613708 1.409735
v 2.659443 1.611003 1.405474
v 2.546983 1.692798 -1.309048
v 2.546983 1.687142 -1.510688
v 2.699651 1.687142 -1.309048
v 2.546983 1.692043 -1.409735
v 2.623217 1.692043 -1.309048
v 2.619990 1.691309 -1.405474
v 2.623217 1.687142 -1.483749
v 2.546983 1.689967 -1.483749
v 2.619990 1.689847 -1.457582
v 2.679255 1.689967 -1.309048
v 2.679255 1.687142 -1.409735
v 2.659443 1.689847 -1.405474
v 2.546983 1.608052 -1.309048
v 2.699651 1.613708 -1.309048
v 2.546983 1.613708 -1.510688
v 2.623217 1.608807 -1.309048
v 2.546983 1.608807 -1.409735
v 2.619990 1.609541 -1.405474
v 2.679255 1.613708 -1.409735
v 2.679255 1.610883 -1.309048
v 2.659443 1.611003 -1.405474
v 2.546983 1.610883 -1.483749
v 2.623217 1.613708 -1.483749
v 2.619990 1.611003 -1.457582
vt 0.625063 0.964140
vt 0.625063 0.535860
vt 0.343450 0.535860
vt 0.343450 0.964140
vt 0.960072 0.535860
vt 0.970048 0.535860
vt 0.968759 0.520086
vt 0.959218 0.519389
vt 0.652550 0.492718
vt 0.663364 0.488438
vt 0.663364 0.479914
vt 0.652550 0.480611
vt 0.652550 0.464140
vt 0.663842 0.464140
vt 0.669208 0.479914
vt 0.672142 0.464140
vt 0.020376 0.535860
vt 0.021231 0.519389
vt 0.011689 0.520086
vt 0.010401 0.535860
vt 0.007738 0.520086
vt 0.004788 0.535860
vt 0.652550 0.035860
vt 0.663842 0.035860
vt 0.663364 0.020086
vt 0.652550 0.019389
vt 0.663364 0.011562
vt 0.652550 0.007282
vt 0.344305 0.519389
vt 0.334764 0.520086
vt 0.333475 0.535860
vt 0.323983 0.535860
vt 0.321304 0.520086
vt 0.314045 0.520086
vt 0.313673 0.535860
vt 0.301988 0.535860
vt 0.302843 0.519389
vt 0.315699 0.511562
vt 0.305192 0.507282
vt 0.960072 0.964140
vt 0.959218 0.980611
vt 0.968759 0.979914
vt 0.970048 0.964140
vt 0.004788 0.964140
vt 0.007738 0.979914
vt 0.011689 0.979914
vt 0.010401 0.964140
vt 0.020376 0.964140
vt 0.021231 0.980611
vt 0.318195 0.492718
vt 0.329009 0.488438
vt 0.329009 0.479914
vt 0.318195 0.480611
vt 0.318195 0.464140
vt 0.329487 0.464140
vt 0.334853 0.479914
vt 0.337788 0.464140
vt 0.333475 0.964140
vt 0.334764 0.979914
vt 0.344305 0.980611
vt 0.004992 0.464140
vt 0.007926 0.479914
vt 0.013770 0.479914
vt 0.013292 0.464140
vt 0.024584 0.464140
vt 0.024584 0.480611
vt 0.305192 0.992718
vt 0.315699 0.988438
vt 0.314045 0.979914
vt 0.302843 0.980611
vt 0.301988 0.964140
vt 0.313673 0.964140
vt 0.321304 0.979914
vt 0.323983 0.964140
vt 0.678460 0.535860
vt 0.677605 0.519389
vt 0.666403 0.520086
vt 0.666775 0.535860
vt 0.659145 0.520086
vt 0.656465 0.535860
vt 0.703709 0.031451
vt 0.702854 0.014980
vt 0.691651 0.015677
vt 0.692023 0.031451
vt 0.684393 0.015677
vt 0.681713 0.031451
vt 0.358939 0.464140
vt 0.347647 0.464140
vt 0.348125 0.479914
vt 0.358939 0.480611
vt 0.675257 0.507282
vt 0.664750 0.511562
vt 0.689998 0.007153
vt 0.636748 0.535860
vt 0.637120 0.520086
vt 0.625917 0.519389
vt 0.638773 0.511562
vt 0.628266 0.507282
vt 0.358939 0.035860
vt 0.358939 0.019389
vt 0.348125 0.020086
vt 0.347647 0.035860
vt 0.681713 0.459731
vt 0.684393 0.475505
vt 0.691651 0.475505
vt 0.692023 0.459731
vt 0.703709 0.459731
vt 0.702854 0.476202
vt 0.647058 0.535860
vt 0.644378 0.520086
vt 0.689998 0.484029
vt 0.678460 0.964140
vt 0.666775 0.964140
vt 0.666403 0.979914
vt 0.677605 0.980611
vt 0.664750 0.988438
vt 0.675257 0.992718
vt 0.318195 0.035860
vt 0.329487 0.035860
vt 0.329009 0.020086
vt 0.318195 0.019389
vt 0.329009 0.011562
vt 0.318195 0.007282
vt 0.985321 0.031451
vt 0.995296 0.031451
vt 0.994008 0.015677
vt 0.984466 0.014980
vt 0.656465 0.964140
vt 0.659145 0.979914
vt 0.625917 0.980611
vt 0.637120 0.979914
vt 0.636748 0.964140
vt 0.644378 0.979914
vt 0.647058 0.964140
vt 0.985321 0.459731
vt 0.984466 0.476202
vt 0.994008 0.475505
vt 0.995296 0.459731
vt 0.024584 0.007282
vt 0.013770 0.011562
vt 0.013770 0.020086
vt 0.024584 0.019389
vt 0.024584 0.035860
vt 0.013292 0.035860
vt 0.628266 0.992718
vt 0.638773 0.988438
vt 0.337788 0.035860
vt 0.004992 0.035860
vt 0.358939 0.492718
vt 0.358939 0.007282
vt 0.625063 0.964140
vt 0.625063 0.535860
vt 0.343450 0.535860
vt 0.343450 0.964140
vt 0.960072 0.535860
vt 0.970048 0.535860
vt 0.968759 0.520086
vt 0.959218 0.519389
vt 0.652550 0.492718
vt 0.663364 0.488438
vt 0.663364 0.479914
vt 0.652550 0.480611
vt 0.652550 0.464140
vt 0.663842 0.464140
vt 0.669208 0.479914
vt 0.672142 0.464140
vt 0.020376 0.535860
vt 0.021231 0.519389
vt 0.011689 0.520086
vt 0.010401 0.535860
vt 0.007738 0.520086
vt 0.004788 0.535860
vt 0.652550 0.035860
vt 0.663842 0.035860
vt 0.663364 0.020086
vt 0.652550 0.019389
vt 0.663364 0.011562
vt 0.652550 0.007282
vt 0.344305 0.519389
vt 0.334764 0.520086
vt 0.333475 0.535860
vt 0.323983 0.535860
vt 0.321304 0.520086
vt 0.314045 0.520086
vt 0.313673 0.535860
vt 0.301988 0.535860
vt 0.302843 0.519389
vt 0.315699 0.511562
vt 0.305192 0.507282
vt 0.960072 0.964140
vt 0.959218 0.980611
vt 0.968759 0.979914
vt 0.970048 0.964140
vt 0.004788 0.964140
vt 0.007738 0.979914
vt 0.011689 0.979914
vt 0.010401 0.964140
vt 0.020376 0.964140
vt 0.021231 0.980611
vt 0.318195 0.492718
vt 0.329009 0.488438
vt 0.329009 0.479914
vt 0.318195 0.480611
vt 0.318195 0.464140
vt 0.329487 0.464140
vt 0.334853 0.479914
vt 0.337788 0.464140
vt 0.333475 0.964140
vt 0.334764 0.979914
vt 0.344305 0.980611
vt 0.004992 0.464140
vt 0.007926 0.479914
vt 0.013770 0.479914
vt 0.013292 0.464140
vt 0.024584 0.464140
vt 0.024584 0.480611
vt 0.305192 0.992718
vt 0.315699 0.988438
vt 0.314045 0.979914
vt 0.302843 0.980611
vt 0.301988 0.964140
vt 0.313673 0.964140
vt 0.321304 0.979914
vt 0.323983 0.964140
vt 0.678460 0.535860
vt 0.677605 0.519389
vt 0.666403 0.520086
vt 0.666775 0.535860
vt 0.659145 0.520086
vt 0.656465 0.535860
vt 0.703709 0.031451
vt 0.702854 0.014980
vt 0.691651 0.015677
vt 0.692023 0.031451
vt 0.684393 0.015677
vt 0.681713 0.031451
vt 0.358939 0.464140
vt 0.347647 0.464140
vt 0.348125 0.479914
vt 0.358939 0.480611
vt 0.675257 0.507282
vt 0.664750 0.511562
vt 0.689998 0.007153
vt 0.636748 0.535860
vt 0.637120 0.520086
vt 0.625917 0.519389
vt 0.638773 0.511562
vt 0.628266 0.507282
vt 0.358939 0.035860
vt 0.358939 0.019389
vt 0.348125 0.020086
vt 0.347647 0.035860
vt 0.681713 0.459731
vt 0.684393 0.475505
vt 0.691651 0.475505
vt 0.692023 0.459731
vt 0.703709 0.459731
vt 0.702854 0.476202
vt 0.647058 0.535860
vt 0.644378 0.520086
vt 0.689998 0.484029
vt 0.678460 0.964140
vt 0.666775 0.964140
vt 0.666403 0.979914
vt 0.677605 0.980611
vt 0.664750 0.988438
vt 0.675257 0.992718
vt 0.318195 0.035860
vt 0.329487 0.035860
vt 0.329009 0.020086
vt 0.318195 0.019389
vt 0.329009 0.011562
vt 0.318195 0.007282
vt 0.985321 0.031451
vt 0.995296 0.031451
vt 0.994008 0.015677
vt 0.984466 0.014980
vt 0.656465 0.964140
vt 0.659145 0.979914
vt 0.625917 0.980611
vt 0.637120 0.979914
vt 0.636748 0.964140
vt 0.644378 0.979914
vt 0.647058 0.964140
vt 0.985321 0.459731
vt 0.984466 0.476202
vt 0.994008 0.475505
vt 0.995296 0.459731
vt 0.024584 0.007282
vt 0.013770 0.011562
vt 0.013770 0.020086
vt 0.024584 0.019389
vt 0.024584 0.035860
vt 0.013292 0.035860
vt 0.628266 0.992718
vt 0.638773 0.988438
vt 0.337788 0.035860
vt 0.004992 0.035860
vt 0.358939 0.492718
vt 0.358939 0.007282
vt 0.672142 0.035860
vt 0.024584 0.492718
vt 0.672142 0.035860
vt 0.024584 0.492718
vn 0.0000 -1.0000 0.0000
vn -0.0102 0.9999 0.0088
vn -0.0117 0.9994 0.0321
vn -0.0368 0.9926 0.1156
vn -0.1160 0.9882 0.1004
vn -0.1333 0.9906 0.0318
vn -0.0370 0.9993 0.0101
vn -0.0370 0.9988 0.0320
vn -0.0368 -0.9926 0.1156
vn -0.0117 -0.9994 0.0321
vn -0.0102 -0.9999 0.0088
vn -0.0370 -0.9993 0.0101
vn -0.1333 -0.9906 0.0318
vn -0.1160 -0.9882 0.1004
vn -0.0370 -0.9988 0.0320
vn -0.0102 0.9999 -0.0088
vn -0.0370 0.9993 -0.0101
vn -0.1333 0.9906 -0.0318
vn -0.1160 0.9882 -0.1004
vn -0.0368 0.9926 -0.1156
vn -0.0117 0.9994 -0.0321
vn -0.0370 0.9988 -0.0320
vn -0.0102 -0.9999 -0.0088
vn -0.0117 -0.9994 -0.0321
vn -0.0368 -0.9926 -0.1156
vn -0.1160 -0.9882 -0.1004
vn -0.1333 -0.9906 -0.0318
vn -0.0370 -0.9993 -0.0101
vn -0.0370 -0.9988 -0.0320
vn 0.0102 0.9999 0.0088
vn 0.0370 0.9993 0.0101
vn 0.1333 0.9906 0.0318
vn 0.1160 0.9882 0.1004
vn 0.0368 0.9926 0.1156
vn 0.0117 0.9994 0.0321
vn 0.0370 0.9988 0.0320
vn 0.0102 -0.9999 0.0088
vn 0.0117 -0.9994 0.0321
vn 0.0368 -0.9926 0.1156
vn 0.1160 -0.9882 0.1004
vn 0.1333 -0.9906 0.0318
vn 0.0370 -0.9993 0.0101
vn 0.0370 -0.9988 0.0320
vn 0.0102 0.9999 -0.0088
vn 0.0117 0.9994 -0.0321
vn 0.0368 0.9926 -0.1156
vn 0.1160 0.9882 -0.1004
vn 0.1333 0.9906 -0.0318
vn 0.0370 0.9993 -0.0101
vn 0.0370 0.9988 -0.0320
vn 0.0102 -0.9999 -0.0088
vn 0.0370 -0.9993 -0.0101
vn 0.1333 -0.9906 -0.0318
vn 0.1160 -0.9882 -0.1004
vn 0.0368 -0.9926 -0.1156
vn 0.0117 -0.9994 -0.0321
vn 0.0370 -0.9988 -0.0320
vn -0.0099 1.0000 0.0000
vn -0.0370 0.9993 0.0000
vn -0.1372 0.9905 0.0000
vn -0.0099 -1.0000 0.0000
vn -0.0370 -0.9993 0.0000
vn -0.1372 -0.9905 0.0000
vn 0.0000 1.0000 -0.0086
vn 0.0000 0.9995 -0.0321
vn 0.0000 0.9929 -0.1190
vn 0.0000 -1.0000 -0.0086
vn 0.0000 -0.9995 -0.0321
vn 0.0000 -0.9929 -0.1190
vn 0.0099 1.0000 0.0000
vn 0.0370 0.9993 0.0000
vn 0.1372 0.9905 0.0000
vn 0.0099 -1.0000 0.0000
vn 0.0370 -0.9993 0.0000
vn 0.1372 -0.9905 0.0000
vn 0.0000 1.0000 0.0086
vn 0.0000 0.9995 0.0321
vn 0.0000 0.9929 0.1190
vn 0.0000 -1.0000 0.0086
vn 0.0000 -0.9995 0.0321
vn 0.0000 -0.9929 0.1190
vn 0.0000 1.0000 0.0000
vn -0.0102 0.9999 0.0077
vn -0.0117 0.9995 0.0280
vn -0.0368 0.9942 0.1013
vn -0.1161 0.9893 0.0879
vn -0.1333 0.9907 0.0278
vn -0.0370 0.9993 0.0088
vn -0.0370 0.9989 0.0280
vn -0.0368 -0.9942 0.1013
vn -0.0117 -0.9995 0.0280
vn -0.0102 -0.9999 0.0077
vn -0.0370 -0.9993 0.0088
vn -0.1333 -0.9907 0.0278
vn -0.1161 -0.9893 0.0879
vn -0.0370 -0.9989 0.0280
vn -0.0102 0.9999 -0.0077
vn -0.0370 0.9993 -0.0088
vn -0.1333 0.9907 -0.0278
vn -0.1161 0.9893 -0.0879
vn -0.0368 0.9942 -0.1013
vn -0.0117 0.9995 -0.0280
vn -0.0370 0.9989 -0.0280
vn -0.0102 -0.9999 -0.0077
vn -0.0117 -0.9995 -0.0280
vn -0.0368 -0.9942 -0.1013
vn -0.1161 -0.9893 -0.0879
vn -0.1333 -0.9907 -0.0278
vn -0.0370 -0.9993 -0.0088
vn -0.0370 -0.9989 -0.0280
vn 0.0102 0.9999 0.0077
vn 0.0370 0.9993 0.0088
vn 0.1333 0.9907 0.0278
vn 0.1161 0.9893 0.0879
vn 0.0368 0.9942 0.1013
vn 0.0117 0.9995 0.0280
vn 0.0370 0.9989 0.0280
vn 0.0102 -0.9999 0.0077
vn 0.0117 -0.9995 0.0280
vn 0.0368 -0.9942 0.1013
vn 0.1161 -0.9893 0.0879
vn 0.1333 -0.9907 0.0278
vn 0.0370 -0.9993 0.0088
vn 0.0370 -0.9989 0.0280
vn 0.0102 0.9999 -0.0077
vn 0.0117 0.9995 -0.0280
vn 0.0368 0.9942 -0.1013
vn 0.1161 0.9893 -0.0879
vn 0.1333 0.9907 -0.0278
vn 0.0370 0.9993 -0.0088
vn 0.0370 0.9989 -0.0280
vn 0.0102 -0.9999 -0.0077
vn 0.0370 -0.9993 -0.0088
vn 0.1333 -0.9907 -0.0278
vn 0.1161 -0.9893 -0.0879
vn 0.0368 -0.9942 -0.1013
vn 0.0117 -0.9995 -0.0280
vn 0.0370 -0.9989 -0.0280
vn 0.0000 1.0000 -0.0075
vn 0.0000 0.9996 -0.0280
vn 0.0000 0.9945 -0.1043
vn 0.0000 -1.0000 -0.0075
vn 0.0000 -0.9996 -0.0280
vn 0.0000 -0.9945 -0.1043
vn 0.0000 1.0000 0.0075
vn 0.0000 0.9996 0.0280
vn 0.0000 0.9945 0.1043
vn 0.0000 -1.0000 0.0075
vn 0.0000 -0.9996 0.0280
vn 0.0000 -0.9945 0.1043
vn 0.1147 0.6340 0.7648
vn -0.1147 0.6340 0.7648
vn -0.1147 -0.6340 0.7648
vn 0.1147 -0.6340 0.7648
vn 0.7679 0.6345 -0.0872
vn 0.7679 0.6345 0.0872
vn 0.7679 -0.6345 0.0872
vn 0.7679 -0.6345 -0.0872
vn -0.7679 0.6345 0.0872
vn -0.7679 0.6345 -0.0872
vn -0.7679 -0.6345 -0.0872
vn -0.7679 -0.6345 0.0872
vn -0.1147 0.6340 -0.7648
vn 0.1147 0.6340 -0.7648
vn 0.1147 -0.6340 -0.7648
vn -0.1147 -0.6340 -0.7648
vn -0.4301 0.6081 0.6672
vn -0.4301 -0.6081 0.6672
vn -0.7076 0.6100 0.3566
vn -0.7076 -0.6100 0.3566
vn -0.4301 -0.6081 -0.6672
vn -0.4301 0.6081 -0.6672
vn -0.7076 -0.6100 -0.3566
vn -0.7076 0.6100 -0.3566
vn 0.7076 -0.6100 -0.3566
vn 0.7076 0.6100 -0.3566
vn 0.4301 -0.6081 -0.6672
vn 0.4301 0.6081 -0.6672
vn 0.4301 -0.6081 0.6672
vn 0.4301 0.6081 0.6672
vn 0.7076 -0.6100 0.3566
vn 0.7076 0.6100 0.3566
vn 0.1296 0.6354 0.7612
vn -0.1296 0.6354 0.7612
vn -0.1296 -0.6354 0.7612
vn 0.1296 -0.6354 0.7612
vn 0.7668 0.6373 -0.0765
vn 0.7668 0.6373 0.0765
vn 0.7668 -0.6373 0.0765
vn 0.7668 -0.6373 -0.0765
vn -0.7668 0.6373 0.0765
vn -0.7668 0.6373 -0.0765
vn -0.7668 -0.6373 -0.0765
vn -0.7668 -0.6373 0.0765
vn -0.1296 0.6354 -0.7612
vn 0.1296 0.6354 -0.7612
vn 0.1296 -0.6354 -0.7612
vn -0.1296 -0.6354 -0.7612
vn -0.4634 0.6103 0.6425
vn -0.4634 -0.6103 0.6425
vn -0.7201 0.6142 0.3227
vn -0.7201 -0.6142 0.3227
vn -0.4634 -0.6103 -0.6425
vn -0.4634 0.6103 -0.6425
vn -0.7201 -0.6142 -0.3227
vn -0.7201 0.6142 -0.3227
vn 0.7201 -0.6142 -0.3227
vn 0.7201 0.6142 -0.3227
vn 0.4634 -0.6103 -0.6425
vn 0.4634 0.6103 -0.6425
vn 0.4634 -0.6103 0.6425
vn 0.4634 0.6103 0.6425
vn 0.7201 -0.6142 0.3227
vn 0.7201 0.6142 0.3227
usemtl Material.003
s off
f 85/1/1 61/2/1 14/3/1 37/4/1
f 1/5/2 5/6/2 6/7/2 4/8/2
f 4/9/3 6/10/3 9/11/3 8/12/3
f 2/13/4 8/12/4 9/11/4 7/14/4
f 7/14/5 9/11/5 12/15/5 11/16/5
f 3/17/6 11/18/6 12/19/6 10/20/6
f 10/20/7 12/19/7 6/21/7 5/22/7
f 6/10/8 12/15/8 9/11/8
f 13/23/9 17/24/9 18/25/9 16/26/9
f 16/26/10 18/25/10 21/27/10 20/28/10
f 14/3/11 20/29/11 21/30/11 19/31/11
f 19/32/12 21/33/12 24/34/12 23/35/12
f 15/36/13 23/35/13 24/34/13 22/37/13
f 22/37/14 24/34/14 18/38/14 17/39/14
f 18/38/15 24/34/15 21/33/15
f 25/40/16 29/41/16 30/42/16 28/43/16
f 28/44/17 30/45/17 33/46/17 32/47/17
f 26/48/18 32/47/18 33/46/18 31/49/18
f 31/50/19 33/51/19 36/52/19 35/53/19
f 27/54/20 35/53/20 36/52/20 34/55/20
f 34/55/21 36/52/21 30/56/21 29/57/21
f 30/56/22 36/52/22 33/51/22
f 37/4/23 41/58/23 42/59/23 40/60/23
f 40/61/24 42/62/24 45/63/24 44/64/24
f 38/65/25 44/64/25 45/63/25 43/66/25
f 43/67/26 45/68/26 48/69/26 47/70/26
f 39/71/27 47/70/27 48/69/27 46/72/27
f 46/72/28 48/69/28 42/73/28 41/74/28
f 42/73/29 48/69/29 45/68/29
f 49/75/30 53/76/30 54/77/30 52/78/30
f 52/78/31 54/77/31 57/79/31 56/80/31
f 50/81/32 56/82/32 57/83/32 55/84/32
f 55/84/33 57/83/33 60/85/33 59/86/33
f 51/87/34 59/88/34 60/89/34 58/90/34
f 58/91/35 60/92/35 54/77/35 53/76/35
f 54/93/36 60/85/36 57/83/36
f 61/2/37 65/94/37 66/95/37 64/96/37
f 64/96/38 66/95/38 69/97/38 68/98/38
f 62/99/39 68/100/39 69/101/39 67/102/39
f 67/103/40 69/104/40 72/105/40 71/106/40
f 63/107/41 71/106/41 72/105/41 70/108/41
f 70/109/42 72/110/42 66/95/42 65/94/42
f 66/111/43 72/105/43 69/104/43
f 73/112/44 77/113/44 78/114/44 76/115/44
f 76/115/45 78/114/45 81/116/45 80/117/45
f 74/118/46 80/119/46 81/120/46 79/121/46
f 79/121/47 81/120/47 84/122/47 83/123/47
f 75/124/48 83/125/48 84/126/48 82/127/48
f 82/128/49 84/129/49 78/114/49 77/113/49
f 78/114/50 84/129/50 81/116/50
f 85/1/51 89/130/51 90/131/51 88/132/51
f 88/132/52 90/131/52 93/133/52 92/134/52
f 86/135/53 92/136/53 93/137/53 91/138/53
f 91/139/54 93/140/54 96/141/54 95/142/54
f 87/143/55 95/142/55 96/141/55 94/144/55
f 94/145/56 96/146/56 90/131/56 89/130/56
f 90/131/57 96/146/57 93/133/57
f 25/40/58 28/43/58 5/6/58 1/5/58
f 28/44/59 32/47/59 10/20/59 5/22/59
f 32/47/60 26/48/60 3/17/60 10/20/60
f 14/3/61 19/31/61 41/58/61 37/4/61
f 19/32/62 23/35/62 46/72/62 41/74/62
f 23/35/63 15/36/63 39/71/63 46/72/63
f 73/112/64 76/115/64 29/41/64 25/40/64
f 76/147/65 80/119/65 34/55/65 29/57/65
f 80/119/66 74/118/66 27/54/66 34/55/66
f 37/4/67 40/60/67 89/130/67 85/1/67
f 40/61/68 44/64/68 94/144/68 89/148/68
f 44/64/69 38/65/69 87/143/69 94/144/69
f 49/75/70 52/78/70 77/113/70 73/112/70
f 52/78/71 56/80/71 82/128/71 77/113/71
f 56/82/72 50/81/72 75/124/72 82/127/72
f 85/1/73 88/132/73 65/94/73 61/2/73
f 88/132/74 92/134/74 70/109/74 65/94/74
f 92/136/75 86/135/75 63/107/75 70/108/75
f 1/5/76 4/8/76 53/76/76 49/75/76
f 4/9/77 8/12/77 58/90/77 53/149/77
f 8/12/78 2/13/78 51/87/78 58/90/78
f 61/2/79 64/96/79 20/29/79 14/3/79
f 64/150/80 68/100/80 16/26/80 20/28/80
f 68/100/81 62/99/81 13/23/81 16/26/81
f 25/40/82 1/5/82 49/75/82 73/112/82
f 181/151/1 157/152/1 110/153/1 133/154/1
f 97/155/83 101/156/83 102/157/83 100/158/83
f 100/159/84 102/160/84 105/161/84 104/162/84
f 98/163/85 104/162/85 105/161/85 103/164/85
f 103/164/86 105/161/86 108/165/86 107/166/86
f 99/167/87 107/168/87 108/169/87 106/170/87
f 106/170/88 108/169/88 102/171/88 101/172/88
f 102/160/89 108/165/89 105/161/89
f 109/173/90 113/174/90 114/175/90 112/176/90
f 112/176/91 114/175/91 117/177/91 116/178/91
f 110/153/92 116/179/92 117/180/92 115/181/92
f 115/182/93 117/183/93 120/184/93 119/185/93
f 111/186/94 119/185/94 120/184/94 118/187/94
f 118/187/95 120/184/95 114/188/95 113/189/95
f 114/188/96 120/184/96 117/183/96
f 121/190/97 125/191/97 126/192/97 124/193/97
f 124/194/98 126/195/98 129/196/98 128/197/98
f 122/198/99 128/197/99 129/196/99 127/199/99
f 127/200/100 129/201/100 132/202/100 131/203/100
f 123/204/101 131/203/101 132/202/101 130/205/101
f 130/205/102 132/202/102 126/206/102 125/207/102
f 126/206/103 132/202/103 129/201/103
f 133/154/104 137/208/104 138/209/104 136/210/104
f 136/211/105 138/212/105 141/213/105 140/214/105
f 134/215/106 140/214/106 141/213/106 139/216/106
f 139/217/107 141/218/107 144/219/107 143/220/107
f 135/221/108 143/220/108 144/219/108 142/222/108
f 142/222/109 144/219/109 138/223/109 137/224/109
f 138/223/110 144/219/110 141/218/110
f 145/225/111 149/226/111 150/227/111 148/228/111
f 148/228/112 150/227/112 153/229/112 152/230/112
f 146/231/113 152/232/113 153/233/113 151/234/113
f 151/234/114 153/233/114 156/235/114 155/236/114
f 147/237/115 155/238/115 156/239/115 154/240/115
f 154/241/116 156/242/116 150/227/116 149/226/116
f 150/243/117 156/235/117 153/233/117
f 157/152/118 161/244/118 162/245/118 160/246/118
f 160/246/119 162/245/119 165/247/119 164/248/119
f 158/249/120 164/250/120 165/251/120 163/252/120
f 163/253/121 165/254/121 168/255/121 167/256/121
f 159/257/122 167/256/122 168/255/122 166/258/122
f 166/259/123 168/260/123 162/245/123 161/244/123
f 162/261/124 168/255/124 165/254/124
f 169/262/125 173/263/125 174/264/125 172/265/125
f 172/265/126 174/264/126 177/266/126 176/267/126
f 170/268/127 176/269/127 177/270/127 175/271/127
f 175/271/128 177/270/128 180/272/128 179/273/128
f 171/274/129 179/275/129 180/276/129 178/277/129
f 178/278/130 180/279/130 174/264/130 173/263/130
f 174/264/131 180/279/131 177/266/131
f 181/151/132 185/280/132 186/281/132 184/282/132
f 184/282/133 186/281/133 189/283/133 188/284/133
f 182/285/134 188/286/134 189/287/134 187/288/134
f 187/289/135 189/290/135 192/291/135 191/292/135
f 183/293/136 191/292/136 192/291/136 190/294/136
f 190/295/137 192/296/137 186/281/137 185/280/137
f 186/281/138 192/296/138 189/283/138
f 121/190/58 124/193/58 101/156/58 97/155/58
f 124/194/59 128/197/59 106/170/59 101/172/59
f 128/197/60 122/198/60 99/167/60 106/170/60
f 110/153/61 115/181/61 137/208/61 133/154/61
f 115/182/62 119/185/62 142/222/62 137/224/62
f 119/185/63 111/186/63 135/221/63 142/222/63
f 169/262/139 172/265/139 125/191/139 121/190/139
f 172/297/140 176/269/140 130/205/140 125/207/140
f 176/269/141 170/268/141 123/204/141 130/205/141
f 133/154/142 136/210/142 185/280/142 181/151/142
f 136/211/143 140/214/143 190/294/143 185/298/143
f 140/214/144 134/215/144 183/293/144 190/294/144
f 145/225/70 148/228/70 173/263/70 169/262/70
f 148/228/71 152/230/71 178/278/71 173/263/71
f 152/232/72 146/231/72 171/274/72 178/277/72
f 181/151/73 184/282/73 161/244/73 157/152/73
f 184/282/74 188/284/74 166/259/74 161/244/74
f 188/286/75 182/285/75 159/257/75 166/258/75
f 97/155/145 100/158/145 149/226/145 145/225/145
f 100/159/146 104/162/146 154/240/146 149/299/146
f 104/162/147 98/163/147 147/237/147 154/240/147
f 157/152/148 160/246/148 116/179/148 110/153/148
f 160/300/149 164/250/149 112/176/149 116/178/149
f 164/250/150 158/249/150 109/173/150 112/176/150
f 121/190/82 97/155/82 145/225/82 169/262/82
s 1
f 51/87/151 2/13/152 13/23/153 62/99/154
f 75/124/155 50/81/156 63/107/157 86/135/158
f 3/17/159 26/48/160 39/71/161 15/36/162
f 27/54/163 74/118/164 87/143/165 38/65/166
f 2/13/152 7/14/167 17/24/168 13/23/153
f 7/14/167 11/16/169 22/301/170 17/24/168
f 11/18/169 3/17/159 15/36/162 22/37/170
f 38/65/166 43/66/171 35/53/172 27/54/163
f 43/66/171 47/302/173 31/50/174 35/53/172
f 47/70/173 39/71/161 26/48/160 31/49/174
f 86/135/158 91/138/175 83/125/176 75/124/155
f 91/139/175 95/142/177 79/121/178 83/123/176
f 95/142/177 87/143/165 74/118/164 79/121/178
f 62/99/154 67/102/179 59/88/180 51/87/151
f 67/103/179 71/106/181 55/84/182 59/86/180
f 71/106/181 63/107/157 50/81/156 55/84/182
f 147/237/183 98/163/184 109/173/185 158/249/186
f 171/274/187 146/231/188 159/257/189 182/285/190
f 99/167/191 122/198/192 135/221/193 111/186/194
f 123/204/195 170/268/196 183/293/197 134/215/198
f 98/163/184 103/164/199 113/174/200 109/173/185
f 103/164/199 107/166/201 118/303/202 113/174/200
f 107/168/201 99/167/191 111/186/194 118/187/202
f 134/215/198 139/216/203 131/203/204 123/204/195
f 139/216/203 143/304/205 127/200/206 131/203/204
f 143/220/205 135/221/193 122/198/192 127/199/206
f 182/285/190 187/288/207 179/275/208 171/274/187
f 187/289/207 191/292/209 175/271/210 179/273/208
f 191/292/209 183/293/197 170/268/196 175/271/210
f 158/249/186 163/252/211 155/238/212 147/237/183
f 163/253/211 167/256/213 151/234/214 155/236/212
f 167/256/213 159/257/189 146/231/188 151/234/214
o Circle
v -0.245354 -0.981521 -1.588589
v -0.261275 -0.981521 -1.587021
v -0.276584 -0.981521 -1.582377
v -0.290693 -0.981521 -1.574836
v -0.303059 -0.981521 -1.564687
v -0.313208 -0.981521 -1.552320
v -0.320750 -0.981521 -1.538211
v -0.325394 -0.981521 -1.522902
v -0.326962 -0.981521 -1.506981
v -0.325394 -0.981521 -1.491060
v -0.320750 -0.981521 -1.475752
v -0.313208 -0.981521 -1.461643
v -0.303059 -0.981521 -1.449276
v -0.290693 -0.981521 -1.439127
v -0.276584 -0.981521 -1.431586
v -0.261275 -0.981521 -1.426942
v -0.245354 -0.981521 -1.425374
v -0.229433 -0.981521 -1.426942
v -0.214124 -0.981521 -1.431586
v -0.200015 -0.981521 -1.439127
v -0.187649 -0.981521 -1.449276
v -0.177500 -0.981521 -1.461643
v -0.169959 -0.981521 -1.475752
v -0.165315 -0.981521 -1.491061
v -0.163747 -0.981521 -1.506981
v -0.165315 -0.981521 -1.522902
v -0.169959 -0.981521 -1.538211
v -0.177500 -0.981521 -1.552320
v -0.187649 -0.981521 -1.564687
v -0.200016 -0.981521 -1.574836
v -0.214124 -0.981521 -1.582377
v -0.229433 -0.981521 -1.587021
v -0.117998 -0.481813 -1.587021
v -0.102255 -0.484186 -1.588589
v -0.133136 -0.479530 -1.582377
v -0.147087 -0.477427 -1.574836
v -0.159316 -0.475584 -1.564687
v -0.169351 -0.474071 -1.552320
v -0.176808 -0.472947 -1.538211
v -0.181400 -0.472254 -1.522902
v -0.182951 -0.472021 -1.506981
v -0.181400 -0.472254 -1.491060
v -0.176808 -0.472947 -1.475752
v -0.169351 -0.474071 -1.461643
v -0.159316 -0.475584 -1.449276
v -0.147087 -0.477427 -1.439127
v -0.133136 -0.479530 -1.431586
v -0.117998 -0.481813 -1.426942
v -0.102255 -0.484186 -1.425374
v -0.086512 -0.486559 -1.426942
v -0.071374 -0.488841 -1.431586
v -0.057423 -0.490944 -1.439127
v -0.045195 -0.492788 -1.449276
v -0.035159 -0.494301 -1.461643
v -0.027702 -0.495425 -1.475752
v -0.023110 -0.496117 -1.491061
v -0.021559 -0.496351 -1.506981
v -0.023110 -0.496117 -1.522902
v -0.027702 -0.495425 -1.538211
v -0.035159 -0.494301 -1.552320
v -0.045195 -0.492788 -1.564687
v -0.057423 -0.490944 -1.574836
v -0.071374 -0.488841 -1.582377
v -0.086512 -0.486559 -1.587021
v 0.333314 1.136308 -1.587021
v 0.349057 1.133934 -1.588589
v 0.318176 1.138590 -1.582377
v 0.304225 1.140693 -1.574836
v 0.291997 1.142536 -1.564687
v 0.281961 1.144049 -1.552320
v 0.274504 1.145173 -1.538211
v 0.269912 1.145866 -1.522902
v 0.268362 1.146099 -1.506981
v 0.269912 1.145866 -1.491060
v 0.274504 1.145173 -1.475752
v 0.281961 1.144049 -1.461643
v 0.291997 1.142536 -1.449276
v 0.304225 1.140693 -1.439127
v 0.318176 1.138590 -1.431586
v 0.333314 1.136308 -1.426942
v 0.349057 1.133934 -1.425374
v 0.364800 1.131561 -1.426942
v 0.379938 1.129279 -1.431586
v 0.393890 1.127176 -1.439127
v 0.406118 1.125332 -1.449276
v 0.416153 1.123819 -1.461643
v 0.423611 1.122695 -1.475752
v 0.428203 1.122003 -1.491061
v 0.429753 1.121769 -1.506981
v 0.428203 1.122003 -1.522902
v 0.423611 1.122695 -1.538211
v 0.416153 1.123819 -1.552320
v 0.406118 1.125332 -1.564687
v 0.393889 1.127176 -1.574836
v 0.379938 1.129279 -1.582377
v 0.364800 1.131561 -1.587021
v 0.447199 1.528689 -1.587021
v 0.461832 1.522417 -1.588589
v 0.433127 1.534718 -1.582377
v 0.420159 1.540276 -1.574836
v 0.408792 1.545147 -1.564687
v 0.399464 1.549145 -1.552320
v 0.392532 1.552115 -1.538211
v 0.388264 1.553944 -1.522902
v 0.386822 1.554562 -1.506981
v 0.388264 1.553944 -1.491060
v 0.392532 1.552115 -1.475752
v 0.399464 1.549145 -1.461643
v 0.408792 1.545147 -1.449276
v 0.420159 1.540276 -1.439127
v 0.433127 1.534718 -1.431586
v 0.447199 1.528689 -1.426942
v 0.461832 1.522417 -1.425374
v 0.476466 1.516146 -1.426942
v 0.490538 1.510116 -1.431586
v 0.503506 1.504559 -1.439127
v 0.514873 1.499688 -1.449276
v 0.524201 1.495690 -1.461643
v 0.531133 1.492720 -1.475752
v 0.535401 1.490890 -1.491061
v 0.536843 1.490273 -1.506981
v 0.535401 1.490890 -1.522902
v 0.531133 1.492720 -1.538211
v 0.524201 1.495690 -1.552320
v 0.514872 1.499688 -1.564687
v 0.503506 1.504559 -1.574836
v 0.490537 1.510116 -1.582377
v 0.476466 1.516146 -1.587021
v 0.515143 1.754728 -1.587021
v 0.529776 1.748457 -1.588589
v 0.501071 1.760758 -1.582377
v 0.488103 1.766315 -1.574836
v 0.476736 1.771186 -1.564687
v 0.467408 1.775184 -1.552320
v 0.460476 1.778155 -1.538211
v 0.456207 1.779984 -1.522902
v 0.454766 1.780601 -1.506981
v 0.456207 1.779984 -1.491060
v 0.460476 1.778155 -1.475752
v 0.467408 1.775184 -1.461643
v 0.476736 1.771186 -1.449276
v 0.488103 1.766315 -1.439127
v 0.501071 1.760758 -1.431586
v 0.515143 1.754728 -1.426942
v 0.529776 1.748457 -1.425374
v 0.544410 1.742186 -1.426942
v 0.558481 1.736156 -1.431586
v 0.571450 1.730598 -1.439127
v 0.582817 1.725727 -1.449276
v 0.592145 1.721729 -1.461643
v 0.599077 1.718759 -1.475752
v 0.603345 1.716930 -1.491061
v 0.604786 1.716313 -1.506981
v 0.603345 1.716930 -1.522902
v 0.599077 1.718759 -1.538211
v 0.592145 1.721730 -1.552320
v 0.582816 1.725727 -1.564687
v 0.571450 1.730598 -1.574836
v 0.558481 1.736156 -1.582377
v 0.544410 1.742186 -1.587021
v 0.577348 1.911538 -1.587021
v 0.588222 1.899909 -1.588589
v 0.566892 1.922721 -1.582377
v 0.557256 1.933026 -1.574836
v 0.548810 1.942059 -1.564687
v 0.541879 1.949472 -1.552320
v 0.536728 1.954981 -1.538211
v 0.533556 1.958373 -1.522902
v 0.532485 1.959518 -1.506981
v 0.533556 1.958373 -1.491060
v 0.536728 1.954981 -1.475752
v 0.541879 1.949472 -1.461643
v 0.548810 1.942059 -1.449276
v 0.557256 1.933026 -1.439127
v 0.566892 1.922721 -1.431586
v 0.577348 1.911538 -1.426942
v 0.588222 1.899909 -1.425374
v 0.599095 1.888280 -1.426942
v 0.609551 1.877098 -1.431586
v 0.619187 1.866792 -1.439127
v 0.627633 1.857759 -1.449276
v 0.634565 1.850346 -1.461643
v 0.639716 1.844838 -1.475752
v 0.642887 1.841446 -1.491061
v 0.643958 1.840300 -1.506981
v 0.642887 1.841446 -1.522902
v 0.639716 1.844838 -1.538211
v 0.634565 1.850346 -1.552320
v 0.627633 1.857759 -1.564687
v 0.619187 1.866792 -1.574836
v 0.609551 1.877098 -1.582377
v 0.599095 1.888280 -1.587021
v 0.636839 1.965536 -1.587021
v 0.642489 1.950651 -1.588589
v 0.631407 1.979848 -1.582377
v 0.626401 1.993039 -1.574836
v 0.622012 2.004601 -1.564687
v 0.618411 2.014089 -1.552320
v 0.615735 2.021140 -1.538211
v 0.614087 2.025481 -1.522902
v 0.613531 2.026947 -1.506981
v 0.614087 2.025481 -1.491060
v 0.615735 2.021140 -1.475752
v 0.618411 2.014089 -1.461643
v 0.622012 2.004601 -1.449276
v 0.626401 1.993039 -1.439127
v 0.631407 1.979848 -1.431586
v 0.636840 1.965536 -1.426942
v 0.642489 1.950651 -1.425374
v 0.648138 1.935766 -1.426942
v 0.653571 1.921453 -1.431586
v 0.658577 1.908262 -1.439127
v 0.662965 1.896700 -1.449276
v 0.666566 1.887212 -1.461643
v 0.669243 1.880161 -1.475752
v 0.670891 1.875820 -1.491061
v 0.671447 1.874354 -1.506981
v 0.670891 1.875820 -1.522902
v 0.669243 1.880161 -1.538211
v 0.666566 1.887212 -1.552320
v 0.662965 1.896701 -1.564687
v 0.658577 1.908262 -1.574836
v 0.653570 1.921453 -1.582377
v 0.648138 1.935766 -1.587021
v 2.421649 1.977385 -1.587021
v 2.421619 1.961464 -1.588589
v 2.421677 1.992694 -1.582377
v 2.421702 2.006803 -1.574836
v 2.421725 2.019169 -1.564687
v 2.421743 2.029317 -1.552320
v 2.421757 2.036859 -1.538211
v 2.421766 2.041503 -1.522902
v 2.421769 2.043071 -1.506981
v 2.421766 2.041503 -1.491060
v 2.421757 2.036859 -1.475752
v 2.421743 2.029317 -1.461643
v 2.421725 2.019169 -1.449276
v 2.421702 2.006803 -1.439127
v 2.421677 1.992694 -1.431586
v 2.421649 1.977385 -1.426942
v 2.421619 1.961464 -1.425374
v 2.421590 1.945543 -1.426942
v 2.421562 1.930234 -1.431586
v 2.421536 1.916125 -1.439127
v 2.421514 1.903758 -1.449276
v 2.421495 1.893609 -1.461643
v 2.421481 1.886068 -1.475752
v 2.421473 1.881424 -1.491061
v 2.421470 1.879856 -1.506981
v 2.421473 1.881424 -1.522902
v 2.421481 1.886068 -1.538211
v 2.421495 1.893610 -1.552320
v 2.421514 1.903759 -1.564687
v 2.421536 1.916125 -1.574836
v 2.421562 1.930234 -1.582377
v 2.421590 1.945543 -1.587021
v 2.576583 1.949802 -1.587021
v 2.564718 1.939186 -1.588589
v 2.587992 1.960010 -1.582377
v 2.598507 1.969417 -1.574836
v 2.607723 1.977662 -1.564687
v 2.615287 1.984429 -1.552320
v 2.620908 1.989457 -1.538211
v 2.624368 1.992554 -1.522902
v 2.625537 1.993600 -1.506982
v 2.624368 1.992554 -1.491061
v 2.620908 1.989457 -1.475752
v 2.615287 1.984429 -1.461643
v 2.607723 1.977662 -1.449276
v 2.598507 1.969417 -1.439127
v 2.587992 1.960010 -1.431586
v 2.576583 1.949802 -1.426942
v 2.564718 1.939186 -1.425374
v 2.552853 1.928571 -1.426942
v 2.541443 1.918363 -1.431586
v 2.530929 1.908956 -1.439127
v 2.521712 1.900710 -1.449276
v 2.514148 1.893943 -1.461643
v 2.508528 1.888915 -1.475752
v 2.505067 1.885819 -1.491061
v 2.503898 1.884773 -1.506982
v 2.505067 1.885819 -1.522902
v 2.508528 1.888915 -1.538212
v 2.514149 1.893943 -1.552320
v 2.521712 1.900710 -1.564687
v 2.530929 1.908956 -1.574836
v 2.541443 1.918363 -1.582377
v 2.552853 1.928571 -1.587021
v 2.635976 1.790064 -1.587021
v 2.620444 1.786568 -1.588589
v 2.650911 1.793427 -1.582377
v 2.664675 1.796525 -1.574836
v 2.676740 1.799241 -1.564687
v 2.686641 1.801470 -1.552320
v 2.693999 1.803126 -1.538211
v 2.698529 1.804147 -1.522902
v 2.700059 1.804491 -1.506981
v 2.698529 1.804147 -1.491061
v 2.693999 1.803126 -1.475752
v 2.686641 1.801470 -1.461643
v 2.676740 1.799241 -1.449276
v 2.664675 1.796525 -1.439127
v 2.650911 1.793427 -1.431586
v 2.635976 1.790064 -1.426942
v 2.620444 1.786568 -1.425374
v 2.604911 1.783071 -1.426942
v 2.589976 1.779709 -1.431586
v 2.576212 1.776610 -1.439127
v 2.564147 1.773894 -1.449276
v 2.554246 1.771665 -1.461643
v 2.546889 1.770009 -1.475752
v 2.542359 1.768989 -1.491061
v 2.540828 1.768645 -1.506982
v 2.542359 1.768989 -1.522902
v 2.546889 1.770009 -1.538211
v 2.554247 1.771665 -1.552320
v 2.564147 1.773894 -1.564687
v 2.576212 1.776610 -1.574836
v 2.589976 1.779709 -1.582377
v 2.604911 1.783071 -1.587021
v 2.669518 1.638564 -1.587021
v 2.653611 1.639237 -1.588589
v 2.684813 1.637918 -1.582377
v 2.698909 1.637322 -1.574836
v 2.711265 1.636800 -1.564687
v 2.721405 1.636372 -1.552320
v 2.728940 1.636053 -1.538211
v 2.733579 1.635858 -1.522902
v 2.735146 1.635791 -1.506981
v 2.733579 1.635858 -1.491060
v 2.728940 1.636053 -1.475752
v 2.721405 1.636372 -1.461643
v 2.711265 1.636800 -1.449276
v 2.698909 1.637322 -1.439127
v 2.684813 1.637918 -1.431586
v 2.669518 1.638564 -1.426942
v 2.653611 1.639237 -1.425374
v 2.637704 1.639908 -1.426942
v 2.622409 1.640555 -1.431586
v 2.608313 1.641150 -1.439127
v 2.595958 1.641672 -1.449276
v 2.585817 1.642101 -1.461643
v 2.578283 1.642420 -1.475752
v 2.573643 1.642615 -1.491061
v 2.572077 1.642682 -1.506981
v 2.573643 1.642615 -1.522902
v 2.578283 1.642420 -1.538211
v 2.585818 1.642101 -1.552320
v 2.595957 1.641672 -1.564687
v 2.608313 1.641150 -1.574836
v 2.622409 1.640555 -1.582377
v 2.637704 1.639908 -1.587021
v 2.557763 -1.006138 -1.587021
v 2.541857 -1.005466 -1.588589
v 2.573059 -1.006784 -1.582377
v 2.587155 -1.007380 -1.574836
v 2.599510 -1.007902 -1.564687
v 2.609650 -1.008330 -1.552320
v 2.617185 -1.008649 -1.538212
v 2.621825 -1.008844 -1.522903
v 2.623392 -1.008911 -1.506982
v 2.621825 -1.008844 -1.491061
v 2.617185 -1.008649 -1.475752
v 2.609650 -1.008330 -1.461643
v 2.599510 -1.007902 -1.449276
v 2.587155 -1.007380 -1.439128
v 2.573059 -1.006784 -1.431586
v 2.557763 -1.006138 -1.426942
v 2.541857 -1.005466 -1.425374
v 2.525950 -1.004794 -1.426942
v 2.510655 -1.004148 -1.431586
v 2.496559 -1.003552 -1.439128
v 2.484203 -1.003030 -1.449276
v 2.474063 -1.002601 -1.461643
v 2.466529 -1.002283 -1.475752
v 2.461889 -1.002087 -1.491061
v 2.460322 -1.002020 -1.506982
v 2.461889 -1.002087 -1.522903
v 2.466529 -1.002283 -1.538212
v 2.474064 -1.002601 -1.552320
v 2.484203 -1.003030 -1.564687
v 2.496559 -1.003552 -1.574836
v 2.510654 -1.004147 -1.582377
v 2.525950 -1.004794 -1.587021
v 2.421649 1.977385 1.430924
v 2.421677 1.992694 1.426280
v 2.576583 1.949802 1.430924
v 2.587992 1.960010 1.426280
v 2.635976 1.790064 1.430924
v 2.650911 1.793427 1.426280
v 2.669518 1.638564 1.430924
v 2.684813 1.637918 1.426280
v 0.511407 1.889669 -1.506982
v 0.512773 1.890439 -1.491061
v 0.522538 1.768319 -1.506982
v 0.524106 1.768327 -1.491061
v 0.526007 1.638585 -1.506981
v 0.527523 1.638184 -1.491061
vt 0.000000 0.000000
vt 0.000000 0.000000
vt 0.000000 0.000000
vt 0.000000 0.000000
vt 0.000000 0.000000
vt 0.000000 0.000000
vt 0.000000 0.000000
vt 0.000000 0.000000
vt 0.000000 0.000000
vt 0.000000 0.000000
vt 0.000000 0.000000
vt 0.000000 0.000000
vt 0.000000 0.000000
vt 0.000000 0.000000
vt 0.000000 0.000000
vt 0.000000 0.000000
vt 0.000000 0.000000
vt 0.000000 0.000000
vt 0.000000 0.000000
vt 0.000000 0.000000
vt 0.000000 0.000000
vt 0.000000 0.000000
vt 0.000000 0.000000
vt 0.000000 0.000000
vt 0.000000 0.000000
vt 0.000000 0.000000
vt 0.000000 0.000000
vt 0.000000 0.000000
vt 0.000000 0.000000
vt 0.000000 0.000000
vt 0.000000 0.000000
vt 0.000000 0.000000
vt 0.000000 0.000000
vt 0.000000 0.000000
vt 0.000000 0.000000
vt 0.000000 0.000000
vt 0.000000 0.000000
vt 0.000000 0.000000
vt 0.000000 0.000000
vt 0.000000 0.000000
vt 0.000000 0.000000
vt 0.000000 0.000000
vt 0.000000 0.000000
vt 0.000000 0.000000
vt 0.000000 0.000000
vt 0.000000 0.000000
vt 0.000000 0.000000
vt 0.000000 0.000000
vt 0.000000 0.000000
vt 0.000000 0.000000
vt 0.000000 0.000000
vt 0.000000 0.000000
vt 0.000000 0.000000
vt 0.000000 0.000000
vt 0.000000 0.000000
vt 0.000000 0.000000
vt 0.000000 0.000000
vt 0.000000 0.000000
vt 0.000000 0.000000
vt 0.000000 0.000000
vt 0.000000 0.000000
vt 0.000000 0.000000
vt 0.000000 0.000000
vt 0.000000 0.000000
vt 0.000000 0.000000
vt 0.000000 0.000000
vt 0.000000 0.000000
vt 0.000000 0.000000
vt 0.000000 0.000000
vt 0.000000 0.000000
vt 0.000000 0.000000
vt 0.000000 0.000000
vt 0.000000 0.000000
vt 0.000000 0.000000
vt 0.000000 0.000000
vt 0.000000 0.000000
vt 0.000000 0.000000
vt 0.000000 0.000000
vt 0.000000 0.000000
vt 0.000000 0.000000
vt 0.000000 0.000000
vt 0.000000 0.000000
vt 0.000000 0.000000
vt 0.000000 0.000000
vt 0.000000 0.000000
vt 0.000000 0.000000
vt 0.000000 0.000000
vt 0.000000 0.000000
vt 0.000000 0.000000
vt 0.000000 0.000000
vt 0.000000 0.000000
vt 0.000000 0.000000
vt 0.000000 0.000000
vt 0.000000 0.000000
vt 0.000000 0.000000
vt 0.000000 0.000000
vt 0.000000 0.000000
vt 0.000000 0.000000
vt 0.000000 0.000000
vt 0.000000 0.000000
vt 0.000000 0.000000
vt 0.000000 0.000000
vt 0.000000 0.000000
vt 0.000000 0.000000
vt 0.000000 0.000000
vt 0.000000 0.000000
vt 0.000000 0.000000
vt 0.000000 0.000000
vt 0.000000 0.000000
vt 0.000000 0.000000
vt 0.000000 0.000000
vt 0.000000 0.000000
vt 0.000000 0.000000
vt 0.000000 0.000000
vt 0.000000 0.000000
vt 0.000000 0.000000
vt 0.000000 0.000000
vt 0.000000 0.000000
vt 0.000000 0.000000
vt 0.000000 0.000000
vt 0.000000 0.000000
vt 0.000000 0.000000
vt 0.000000 0.000000
vt 0.000000 0.000000
vt 0.000000 0.000000
vt 0.000000 0.000000
vt 0.000000 0.000000
vt 0.000000 0.000000
vt 0.000000 0.000000
vt 0.000000 0.000000
vt 0.000000 0.000000
vt 0.000000 0.000000
vt 0.000000 0.000000
vt 0.000000 0.000000
vt 0.000000 0.000000
vt 0.000000 0.000000
vt 0.000000 0.000000
vt 0.000000 0.000000
vt 0.000000 0.000000
vt 0.000000 0.000000
vt 0.000000 0.000000
vt 0.000000 0.000000
vt 0.000000 0.000000
vt 0.000000 0.000000
vt 0.000000 0.000000
vt 0.000000 0.000000
vt 0.000000 0.000000
vt 0.000000 0.000000
vt 0.000000 0.000000
vt 0.000000 0.000000
vt 0.000000 0.000000
vt 0.000000 0.000000
vt 0.000000 0.000000
vt 0.000000 0.000000
vt 0.000000 0.000000
vt 0.000000 0.000000
vt 0.000000 0.000000
vt 0.000000 0.000000
vt 0.000000 0.000000
vt 0.000000 0.000000
vt 0.000000 0.000000
vt 0.000000 0.000000
vt 0.000000 0.000000
vt 0.000000 0.000000
vt 0.000000 0.000000
vt 0.000000 0.000000
vt 0.000000 0.000000
vt 0.000000 0.000000
vt 0.000000 0.000000
vt 0.000000 0.000000
vt 0.000000 0.000000
vt 0.000000 0.000000
vt 0.000000 0.000000
vt 0.000000 0.000000
vt 0.000000 0.000000
vt 0.000000 0.000000
vt 0.000000 0.000000
vt 0.000000 0.000000
vt 0.000000 0.000000
vt 0.000000 0.000000
vt 0.000000 0.000000
vt 0.000000 0.000000
vt 0.000000 0.000000
vt 0.000000 0.000000
vt 0.000000 0.000000
vt 0.000000 0.000000
vt 0.000000 0.000000
vt 0.000000 0.000000
vt 0.000000 0.000000
vt 0.000000 0.000000
vt 0.000000 0.000000
vt 0.000000 0.000000
vt 0.000000 0.000000
vt 0.000000 0.000000
vt 0.000000 0.000000
vt 0.000000 0.000000
vt 0.000000 0.000000
vt 0.000000 0.000000
vt 0.000000 0.000000
vt 0.000000 0.000000
vt 0.000000 0.000000
vt 0.000000 0.000000
vt 0.000000 0.000000
vt 0.000000 0.000000
vt 0.000000 0.000000
vt 0.000000 0.000000
vt 0.000000 0.000000
vt 0.000000 0.000000
vt 0.000000 0.000000
vt 0.000000 0.000000
vt 0.000000 0.000000
vt 0.000000 0.000000
vt 0.000000 0.000000
vt 0.000000 0.000000
vt 0.000000 0.000000
vt 0.000000 0.000000
vt 0.000000 0.000000
vt 0.000000 0.000000
vt 0.000000 0.000000
vt 0.000000 0.000000
vt 0.000000 0.000000
vt 0.000000 0.000000
vt 0.000000 0.000000
vt 0.000000 0.000000
vt 0.000000 0.000000
vt 0.000000 0.000000
vt 0.000000 0.000000
vt 0.000000 0.000000
vt 0.000000 0.000000
vt 0.000000 0.000000
vt 0.000000 0.000000
vt 0.000000 0.000000
vt 0.000000 0.000000
vt 0.000000 0.000000
vt 0.000000 0.000000
vt 0.000000 0.000000
vt 0.000000 0.000000
vt 0.000000 0.000000
vt 0.000000 0.000000
vt 0.000000 0.000000
vt 0.000000 0.000000
vt 0.000000 0.000000
vt 0.000000 0.000000
vt 0.000000 0.000000
vt 0.000000 0.000000
vt 0.000000 0.000000
vt 0.000000 0.000000
vt 0.000000 0.000000
vt 0.000000 0.000000
vt 0.000000 0.000000
vt 0.000000 0.000000
vt 0.000000 0.000000
vt 0.000000 0.000000
vt 0.000000 0.000000
vt 0.000000 0.000000
vt 0.000000 0.000000
vt 0.000000 0.000000
vt 0.000000 0.000000
vt 0.000000 0.000000
vt 0.000000 0.000000
vt 0.000000 0.000000
vt 0.000000 0.000000
vt 0.000000 0.000000
vt 0.000000 0.000000
vt 0.000000 0.000000
vt 0.000000 0.000000
vt 0.000000 0.000000
vt 0.000000 0.000000
vt 0.000000 0.000000
vt 0.000000 0.000000
vt 0.000000 0.000000
vt 0.000000 0.000000
vt 0.000000 0.000000
vt 0.000000 0.000000
vt 0.000000 0.000000
vt 0.000000 0.000000
vt 0.000000 0.000000
vt 0.000000 0.000000
vt 0.000000 0.000000
vt 0.000000 0.000000
vt 0.000000 0.000000
vt 0.000000 0.000000
vt 0.000000 0.000000
vt 0.000000 0.000000
vt 0.000000 0.000000
vt 0.000000 0.000000
vt 0.000000 0.000000
vt 0.000000 0.000000
vt 0.000000 0.000000
vt 0.000000 0.000000
vt 0.000000 0.000000
vt 0.000000 0.000000
vt 0.000000 0.000000
vt 0.000000 0.000000
vt 0.000000 0.000000
vt 0.000000 0.000000
vt 0.000000 0.000000
vt 0.000000 0.000000
vt 0.000000 0.000000
vt 0.000000 0.000000
vt 0.000000 0.000000
vt 0.000000 0.000000
vt 0.000000 0.000000
vt 0.000000 0.000000
vt 0.000000 0.000000
vt 0.000000 0.000000
vt 0.000000 0.000000
vt 0.000000 0.000000
vt 0.000000 0.000000
vt 0.000000 0.000000
vt 0.000000 0.000000
vt 0.000000 0.000000
vt 0.000000 0.000000
vt 0.000000 0.000000
vt 0.000000 0.000000
vt 0.000000 0.000000
vt 0.000000 0.000000
vt 0.000000 0.000000
vt 0.000000 0.000000
vt 0.000000 0.000000
vt 0.000000 0.000000
vt 0.000000 0.000000
vt 0.000000 0.000000
vt 0.000000 0.000000
vt 0.000000 0.000000
vt 0.000000 0.000000
vt 0.000000 0.000000
vt 0.000000 0.000000
vt 0.000000 0.000000
vt 0.000000 0.000000
vt 0.000000 0.000000
vt 0.000000 0.000000
vt 0.000000 0.000000
vt 0.000000 0.000000
vt 0.000000 0.000000
vt 0.000000 0.000000
vt 0.000000 0.000000
vt 0.000000 0.000000
vt 0.000000 0.000000
vt 0.000000 0.000000
vt 0.000000 0.000000
vt 0.000000 0.000000
vt 0.000000 0.000000
vt 0.000000 0.000000
vt 0.000000 0.000000
vt 0.000000 0.000000
vt 0.000000 0.000000
vt 0.000000 0.000000
vt 0.000000 0.000000
vt 0.000000 0.000000
vt 0.000000 0.000000
vt 0.000000 0.000000
vt 0.000000 0.000000
vt 0.000000 0.000000
vt 0.000000 0.000000
vt 0.000000 0.000000
vt 0.000000 0.000000
vt 0.000000 0.000000
vt 0.000000 0.000000
vt 0.000000 0.000000
vt 0.000000 0.000000
vt 0.000000 0.000000
vt 0.000000 0.000000
vt 0.000000 0.000000
vt 0.000000 0.000000
vt 0.000000 0.000000
vt 0.000000 0.000000
vt 0.000000 0.000000
vt 0.000000 0.000000
vt 0.000000 0.000000
vt 0.000000 0.000000
vt 0.000000 0.000000
vt 0.000000 0.000000
vt 0.000000 0.000000
vt 0.000000 0.000000
vt 0.000000 0.000000
vt 0.000000 0.000000
vt 0.000000 0.000000
vt 0.000000 0.000000
vt 0.000000 0.000000
vt 0.000000 0.000000
vt 0.000000 0.000000
vt 0.000000 0.000000
vt 0.000000 0.000000
vt 0.000000 0.000000
vt 0.000000 0.000000
vt 0.000000 0.000000
vt 0.000000 0.000000
vt 0.000000 0.000000
vt 0.000000 0.000000
vt 0.000000 0.000000
vt 0.000000 0.000000
vt 0.000000 0.000000
vt 0.000000 0.000000
vt 0.000000 0.000000
vt 0.000000 0.000000
vt 0.000000 0.000000
vt 0.000000 0.000000
vn -0.1560 -0.6637 -0.7315
vn -0.0125 -0.6838 -0.7295
vn 0.1246 -0.7038 -0.6994
vn 0.2506 -0.7228 -0.6441
vn 0.3613 -0.7400 -0.5673
vn 0.4542 -0.7548 -0.4732
vn 0.5274 -0.7668 -0.3658
vn 0.5801 -0.7755 -0.2489
vn 0.6118 -0.7809 -0.1259
vn 0.6224 -0.7827 0.0000
vn 0.6118 -0.7809 0.1259
vn 0.5801 -0.7755 0.2489
vn 0.5274 -0.7668 0.3658
vn 0.4542 -0.7548 0.4732
vn 0.3613 -0.7400 0.5673
vn 0.2506 -0.7228 0.6441
vn 0.1246 -0.7038 0.6994
vn -0.0125 -0.6838 0.7295
vn -0.1560 -0.6637 0.7315
vn -0.2999 -0.6442 0.7035
vn -0.4376 -0.6263 0.6451
vn -0.5624 -0.6106 0.5575
vn -0.6676 -0.5978 0.4438
vn -0.7474 -0.5883 0.3086
vn -0.7973 -0.5825 0.1583
vn -0.8142 -0.5805 0.0000
vn -0.7973 -0.5825 -0.1583
vn -0.7474 -0.5883 -0.3086
vn -0.6676 -0.5978 -0.4438
vn -0.5624 -0.6106 -0.5575
vn -0.4376 -0.6263 -0.6451
vn -0.2999 -0.6442 -0.7035
vn 0.6855 -0.1955 0.7013
vn 0.8035 -0.2294 0.5493
vn 0.8014 -0.2282 0.5528
vn 0.6825 -0.1943 0.7046
vn -0.5402 0.1523 0.8276
vn -0.6857 0.1930 0.7018
vn 0.8035 -0.2294 -0.5493
vn 0.8904 -0.2544 -0.3774
vn -0.3729 0.1053 0.9218
vn -0.1903 0.0537 -0.9803
vn 0.0003 -0.0001 -1.0000
vn 0.6855 -0.1955 -0.7013
vn -0.1903 0.0537 0.9803
vn -0.3729 0.1053 -0.9218
vn 0.5403 -0.1539 -0.8272
vn 0.0003 -0.0001 1.0000
vn -0.5402 0.1523 -0.8276
vn 0.3733 -0.1062 -0.9216
vn 0.1908 -0.0542 0.9801
vn -0.6857 0.1930 -0.7018
vn 0.1908 -0.0542 -0.9801
vn 0.3733 -0.1062 0.9216
vn -0.8041 0.2261 -0.5498
vn 0.5404 -0.1539 0.8272
vn -0.8914 0.2505 -0.3778
vn -0.9448 0.2653 -0.1923
vn -0.9627 0.2703 0.0000
vn 0.8904 -0.2544 0.3774
vn -0.9448 0.2653 0.1923
vn 0.9436 -0.2697 0.1921
vn -0.8914 0.2505 0.3778
vn 0.9615 -0.2749 0.0000
vn -0.8041 0.2261 0.5498
vn 0.9436 -0.2697 -0.1921
vn 0.9435 -0.2687 0.1937
vn 0.9617 -0.2739 0.0000
vn 0.9590 -0.2834 0.0000
vn 0.9408 -0.2781 0.1938
vn -0.9619 0.2735 0.0000
vn -0.9436 0.2684 -0.1936
vn 0.8895 -0.2533 0.3803
vn -0.9436 0.2684 0.1936
vn -0.8896 0.2530 0.3800
vn -0.8017 0.2280 0.5524
vn 0.9435 -0.2687 -0.1937
vn -0.6829 0.1943 0.7042
vn 0.8895 -0.2533 -0.3803
vn -0.5374 0.1529 0.8293
vn 0.8014 -0.2282 -0.5528
vn -0.3707 0.1055 0.9227
vn -0.1893 0.0539 -0.9804
vn -0.0003 0.0001 -1.0000
vn 0.6825 -0.1943 -0.7046
vn -0.1893 0.0539 0.9804
vn -0.3707 0.1055 -0.9227
vn 0.5369 -0.1528 -0.8296
vn -0.0003 0.0001 1.0000
vn -0.5374 0.1529 -0.8293
vn 0.3702 -0.1053 -0.9229
vn 0.1887 -0.0537 0.9806
vn -0.6829 0.1943 -0.7042
vn 0.1887 -0.0537 -0.9806
vn 0.3702 -0.1053 0.9229
vn -0.8017 0.2280 -0.5524
vn 0.5369 -0.1528 0.8296
vn -0.8896 0.2530 -0.3800
vn 0.8869 -0.2621 -0.3804
vn 0.7990 -0.2361 -0.5529
vn 0.8010 -0.2526 -0.5427
vn 0.8864 -0.2763 -0.3715
vn -0.7992 0.2360 0.5527
vn -0.8870 0.2619 0.3802
vn 0.9408 -0.2781 -0.1938
vn -0.6807 0.2010 0.7044
vn -0.5356 0.1582 0.8295
vn -0.3695 0.1091 0.9228
vn -0.1887 0.0557 -0.9804
vn -0.0003 0.0000 -1.0000
vn 0.6804 -0.2011 -0.7047
vn -0.1887 0.0557 0.9804
vn -0.3695 0.1091 -0.9228
vn 0.5352 -0.1582 -0.8298
vn -0.0003 0.0000 1.0000
vn -0.5356 0.1582 -0.8295
vn 0.3690 -0.1090 -0.9230
vn 0.1881 -0.0556 0.9806
vn -0.6807 0.2010 -0.7044
vn 0.1881 -0.0556 -0.9806
vn 0.3690 -0.1090 0.9230
vn -0.7992 0.2360 -0.5527
vn 0.5352 -0.1582 0.8298
vn -0.8870 0.2619 -0.3802
vn 0.6804 -0.2011 0.7047
vn -0.9409 0.2779 -0.1937
vn 0.7990 -0.2361 0.5529
vn -0.9590 0.2832 0.0000
vn 0.8869 -0.2621 0.3804
vn -0.9409 0.2779 0.1937
vn 0.5392 -0.1755 -0.8237
vn 0.3716 -0.1231 -0.9202
vn 0.3202 -0.2047 -0.9250
vn 0.4767 -0.2920 -0.8291
vn -0.3710 0.1311 0.9193
vn -0.5340 0.1908 0.8236
vn -0.1913 0.0667 -0.9792
vn -0.0021 0.0008 -1.0000
vn 0.6841 -0.2189 -0.6957
vn -0.1913 0.0667 0.9792
vn -0.3710 0.1311 -0.9193
vn -0.0021 0.0008 1.0000
vn -0.5340 0.1908 -0.8236
vn 0.1884 -0.0635 0.9800
vn -0.6745 0.2432 -0.6970
vn 0.1884 -0.0635 -0.9800
vn 0.3716 -0.1231 0.9202
vn -0.7880 0.2860 -0.5452
vn 0.5392 -0.1755 0.8237
vn -0.8712 0.3178 -0.3741
vn 0.6841 -0.2189 0.6957
vn -0.9220 0.3372 -0.1903
vn 0.8010 -0.2526 0.5427
vn -0.9390 0.3438 0.0000
vn 0.8864 -0.2763 0.3715
vn -0.9220 0.3372 0.1903
vn 0.9382 -0.2902 0.1885
vn -0.8712 0.3178 0.3741
vn 0.9555 -0.2949 0.0000
vn -0.7880 0.2860 0.5452
vn 0.9382 -0.2902 -0.1885
vn -0.6745 0.2432 0.6970
vn 0.4767 -0.2920 0.8291
vn 0.6157 -0.3621 0.6998
vn 0.2771 -0.6192 0.7347
vn 0.2078 -0.4791 0.8528
vn 0.1542 -0.1038 0.9825
vn -0.0133 0.0057 0.9999
vn -0.5794 0.4234 -0.6965
vn -0.4628 0.3321 -0.8218
vn 0.1542 -0.1038 -0.9825
vn 0.3202 -0.2047 0.9250
vn -0.6734 0.4988 -0.5457
vn -0.0133 0.0057 -0.9999
vn -0.7424 0.5550 -0.3751
vn -0.7846 0.5898 -0.1910
vn 0.7299 -0.4134 0.5443
vn -0.7988 0.6016 0.0000
vn 0.8140 -0.4469 0.3710
vn -0.7846 0.5898 0.1910
vn 0.8650 -0.4652 0.1877
vn -0.7424 0.5550 0.3751
vn 0.8821 -0.4710 0.0000
vn -0.6734 0.4987 0.5457
vn 0.8650 -0.4652 -0.1877
vn -0.5794 0.4234 0.6965
vn 0.8140 -0.4469 -0.3710
vn -0.4628 0.3321 0.8219
vn 0.7299 -0.4134 -0.5443
vn -0.3270 0.2289 0.9169
vn -0.1756 0.1185 -0.9773
vn 0.6157 -0.3621 -0.6998
vn -0.1756 0.1185 0.9773
vn -0.3270 0.2289 -0.9169
vn 0.3894 -0.8259 0.4078
vn 0.4222 -0.8819 0.2096
vn 0.0259 -0.9843 0.1747
vn 0.0160 -0.9374 0.3478
vn -0.3382 0.9203 -0.1967
vn -0.3191 0.8659 -0.3851
vn 0.3393 -0.7366 0.5850
vn -0.3446 0.9387 0.0000
vn -0.3382 0.9203 0.1967
vn -0.3191 0.8659 0.3851
vn 0.4337 -0.9011 0.0000
vn -0.2884 0.7785 0.5575
vn 0.4222 -0.8819 -0.2096
vn -0.2472 0.6622 0.7074
vn 0.3894 -0.8259 -0.4078
vn -0.1970 0.5223 0.8296
vn 0.3393 -0.7366 -0.5850
vn -0.1395 0.3648 0.9206
vn -0.0762 0.1956 -0.9777
vn -0.0083 0.0209 -0.9997
vn 0.2771 -0.6192 -0.7347
vn -0.0762 0.1956 0.9777
vn -0.1395 0.3648 -0.9206
vn 0.2078 -0.4791 -0.8528
vn -0.0083 0.0209 0.9997
vn -0.1970 0.5223 -0.8296
vn 0.1353 -0.3221 -0.9369
vn 0.0627 -0.1535 0.9861
vn -0.2472 0.6622 -0.7074
vn 0.0627 -0.1535 -0.9861
vn 0.1353 -0.3221 0.9369
vn -0.2884 0.7785 -0.5575
vn 0.0259 -0.9843 -0.1747
vn 0.0160 -0.9374 -0.3478
vn -0.5098 -0.7443 -0.4314
vn -0.5467 -0.8067 -0.2243
vn 0.1045 0.9268 0.3607
vn 0.1111 0.9768 0.1827
vn 0.0295 -0.9995 0.0000
vn 0.0937 0.8437 0.5286
vn 0.0789 0.7283 0.6807
vn 0.0608 0.5823 0.8107
vn 0.0027 -0.8567 -0.5158
vn -0.1397 0.6352 0.7596
vn 0.0200 0.2139 -0.9766
vn 0.0014 0.0053 -1.0000
vn -0.0100 -0.7403 -0.6722
vn -0.4250 -0.1525 0.8923
vn 0.0406 0.4089 -0.9116
vn -0.0183 -0.5891 -0.8078
vn 0.0014 0.0053 1.0000
vn 0.0608 0.5823 -0.8107
vn -0.0194 -0.4081 -0.9127
vn -0.0124 -0.2060 0.9785
vn 0.0789 0.7283 -0.6807
vn -0.0124 -0.2060 -0.9785
vn -0.0194 -0.4081 0.9127
vn 0.0937 0.8437 -0.5286
vn -0.0183 -0.5891 0.8078
vn 0.1045 0.9268 -0.3607
vn -0.0100 -0.7403 0.6722
vn 0.1111 0.9768 -0.1827
vn 0.0027 -0.8567 0.5158
vn 0.1133 0.9936 0.0000
vn 0.1308 0.1696 -0.9768
vn 0.2454 0.3041 -0.9205
vn 0.3784 0.1126 -0.9188
vn 0.1957 0.0582 -0.9789
vn 0.3552 0.4278 0.8311
vn 0.4552 0.5369 0.7103
vn -0.4533 -0.6500 -0.6099
vn 0.5002 0.6135 0.6110
vn 0.0158 0.0281 -0.9995
vn -0.3810 -0.5333 -0.7552
vn -0.6596 -0.1948 0.7259
vn -0.1761 -0.4425 0.8793
vn -0.4204 -0.5926 0.6871
vn -0.5458 -0.1600 0.8225
vn -0.2960 -0.4018 -0.8665
vn 0.0158 0.0281 0.9995
vn -0.4913 -0.5935 0.6374
vn 0.3552 0.4278 -0.8311
vn -0.2002 -0.2615 -0.9442
vn -0.0955 -0.1168 0.9885
vn 0.4552 0.5369 -0.7103
vn -0.0955 -0.1168 -0.9885
vn -0.2002 -0.2615 0.9442
vn 0.5400 0.6273 -0.5611
vn -0.2960 -0.4018 0.8665
vn 0.6048 0.6952 -0.3884
vn -0.3810 -0.5333 0.7552
vn 0.6456 0.7374 -0.1986
vn -0.4533 -0.6500 0.6099
vn 0.6595 0.7517 0.0000
vn -0.5099 -0.7443 0.4313
vn 0.6456 0.7374 0.1986
vn -0.3593 -0.5794 0.7315
vn 0.6048 0.6952 0.3884
vn -0.4072 -0.6458 -0.6458
vn 0.5400 0.6273 0.5611
vn 0.6879 0.2051 -0.6962
vn 0.8038 0.2397 -0.5444
vn 0.8310 0.0687 -0.5520
vn 0.7085 0.0596 -0.7032
vn -0.5426 -0.1569 -0.8252
vn -0.6886 -0.1979 -0.6977
vn 0.0038 0.0015 1.0000
vn 0.5445 0.1622 -0.8229
vn -0.3736 -0.1086 -0.9212
vn -0.1888 -0.0550 0.9805
vn -0.1888 -0.0550 -0.9805
vn -0.3736 -0.1086 0.9212
vn 0.0038 0.0015 -1.0000
vn -0.5426 -0.1569 0.8252
vn 0.8889 0.2651 -0.3735
vn -0.6885 -0.1979 0.6977
vn 0.9408 0.2806 -0.1899
vn -0.8064 -0.2303 0.5447
vn 0.9583 0.2858 0.0000
vn -0.8924 -0.2537 0.3731
vn 0.9408 0.2806 0.1899
vn -0.5842 -0.1659 0.7944
vn 0.8889 0.2651 0.3735
vn -0.6545 -0.1852 -0.7330
vn -0.8860 -0.3646 -0.2864
vn -0.6014 -0.5751 -0.5546
vn -0.7316 -0.0435 -0.6804
vn 0.8038 0.2397 0.5444
vn -0.9447 -0.2676 -0.1895
vn 0.6879 0.2051 0.6962
vn -0.8924 -0.2537 -0.3731
vn 0.5445 0.1622 0.8229
vn -0.8064 -0.2303 -0.5447
vn 0.8185 0.2435 0.5203
vn -0.2532 -0.2810 0.9257
vn 0.9778 0.0791 -0.1936
vn 0.9967 0.0804 0.0000
vn 0.6983 -0.7158 0.0000
vn 0.6843 -0.7152 -0.1420
vn 0.0081 0.0017 -0.9999
vn -0.1863 -0.0163 -0.9824
vn -0.5471 -0.0523 0.8354
vn -0.3738 -0.0346 0.9268
vn 0.9219 0.0752 -0.3800
vn -0.6994 -0.0684 0.7114
vn -0.8247 -0.0821 0.5596
vn -0.9179 -0.0926 0.3858
vn 0.9778 0.0791 0.1936
vn -0.8421 -0.3154 0.4375
vn 0.9219 0.0752 0.3800
vn -0.6342 0.5315 -0.5615
vn -0.5760 0.5759 0.5802
vn 0.8310 0.0687 0.5520
vn -0.9754 -0.0992 -0.1968
vn 0.7085 0.0596 0.7032
vn -0.9179 -0.0926 -0.3858
vn 0.5589 0.0482 0.8278
vn -0.8247 -0.0821 -0.5596
vn 0.6121 -0.1410 0.7780
vn 0.2020 0.0189 -0.9792
vn -0.6994 -0.0684 -0.7114
vn -0.5280 0.7084 0.4683
vn 0.5539 0.6446 0.5269
vn 0.3880 0.0345 -0.9210
vn -0.5471 -0.0523 -0.8354
vn 0.0081 0.0017 0.9999
vn 0.5589 0.0482 -0.8278
vn -0.3738 -0.0346 -0.9268
vn -0.1863 -0.0163 0.9824
vn 0.1129 -0.6911 -0.7139
vn 0.2493 -0.6968 -0.6725
vn 0.3751 -0.7021 -0.6052
vn 0.4853 -0.7068 -0.5147
vn 0.5757 -0.7106 -0.4044
vn 0.6429 -0.7135 -0.2785
vn 0.6843 -0.7152 0.1420
vn 0.6429 -0.7135 0.2785
vn 0.5757 -0.7106 0.4044
vn 0.4853 -0.7068 0.5147
vn 0.3751 -0.7021 0.6052
vn 0.2493 -0.6968 0.6725
vn 0.1129 -0.6911 0.7139
vn -0.0289 -0.6851 0.7279
vn -0.1708 -0.6791 0.7139
vn -0.3072 -0.6733 0.6725
vn -0.4330 -0.6680 0.6052
vn -0.5432 -0.6634 0.5147
vn -0.6336 -0.6595 0.4044
vn -0.7008 -0.6567 0.2785
vn -0.7422 -0.6549 0.1420
vn -0.7562 -0.6543 0.0000
vn -0.7422 -0.6549 -0.1420
vn -0.7008 -0.6567 -0.2785
vn -0.6336 -0.6595 -0.4044
vn -0.5432 -0.6633 -0.5147
vn -0.4330 -0.6680 -0.6052
vn -0.3072 -0.6733 -0.6725
vn -0.1708 -0.6791 -0.7139
vn -0.0289 -0.6851 -0.7279
vn -0.6020 -0.4125 0.6836
vn 0.7812 0.2308 0.5800
vn 0.6911 -0.5436 0.4763
vn -0.6636 -0.0393 0.7470
vn -0.5347 -0.5954 0.5997
usemtl Material
s 1
f 194/305/215 193/306/216 224/307/217 223/308/218 222/309/219 221/310/220 220/311/221 219/312/222 218/313/223 217/314/224 216/315/225 215/316/226 214/317/227 213/318/228 212/319/229 211/320/230 210/321/231 209/322/232 208/323/233 207/324/234 206/325/235 205/326/236 204/327/237 203/328/238 202/329/239 201/330/240 200/331/241 199/332/242 198/333/243 197/334/244 196/335/245 195/336/246
f 245/337/247 246/338/248 278/339/249 277/340/250
f 205/326/236 206/325/235 238/341/251 237/342/252
f 219/312/222 220/311/221 252/343/253 251/344/254
f 206/325/235 207/324/234 239/345/255 238/341/251
f 193/306/216 194/305/215 225/346/256 226/347/257
f 220/311/221 221/310/220 253/348/258 252/343/253
f 207/324/234 208/323/233 240/349/259 239/345/255
f 194/305/215 195/336/246 227/350/260 225/346/256
f 221/310/220 222/309/219 254/351/261 253/348/258
f 208/323/233 209/322/232 241/352/262 240/349/259
f 195/336/246 196/335/245 228/353/263 227/350/260
f 222/309/219 223/308/218 255/354/264 254/351/261
f 209/322/232 210/321/231 242/355/265 241/352/262
f 196/335/245 197/334/244 229/356/266 228/353/263
f 223/308/218 224/307/217 256/357/267 255/354/264
f 210/321/231 211/320/230 243/358/268 242/355/265
f 197/334/244 198/333/243 230/359/269 229/356/266
f 224/307/217 193/306/216 226/347/257 256/357/267
f 211/320/230 212/319/229 244/360/270 243/358/268
f 198/333/243 199/332/242 231/361/271 230/359/269
f 212/319/229 213/318/228 245/337/247 244/360/270
f 199/332/242 200/331/241 232/362/272 231/361/271
f 213/318/228 214/317/227 246/338/248 245/337/247
f 200/331/241 201/330/240 233/363/273 232/362/272
f 214/317/227 215/316/226 247/364/274 246/338/248
f 201/330/240 202/329/239 234/365/275 233/363/273
f 215/316/226 216/315/225 248/366/276 247/364/274
f 202/329/239 203/328/238 235/367/277 234/365/275
f 216/315/225 217/314/224 249/368/278 248/366/276
f 203/328/238 204/327/237 236/369/279 235/367/277
f 217/314/224 218/313/223 250/370/280 249/368/278
f 204/327/237 205/326/236 237/342/252 236/369/279
f 218/313/223 219/312/222 251/344/254 250/370/280
f 280/371/281 281/372/282 313/373/283 312/374/284
f 232/362/272 233/363/273 265/375/285 264/376/286
f 246/338/248 247/364/274 279/377/287 278/339/249
f 233/363/273 234/365/275 266/378/288 265/375/285
f 247/364/274 248/366/276 280/371/281 279/377/287
f 234/365/275 235/367/277 267/379/289 266/378/288
f 248/366/276 249/368/278 281/372/282 280/371/281
f 235/367/277 236/369/279 268/380/290 267/379/289
f 249/368/278 250/370/280 282/381/291 281/372/282
f 236/369/279 237/342/252 269/382/292 268/380/290
f 250/370/280 251/344/254 283/383/293 282/381/291
f 237/342/252 238/341/251 270/384/294 269/382/292
f 251/344/254 252/343/253 284/385/295 283/383/293
f 238/341/251 239/345/255 271/386/296 270/384/294
f 226/347/257 225/346/256 257/387/297 258/388/298
f 252/343/253 253/348/258 285/389/299 284/385/295
f 239/345/255 240/349/259 272/390/300 271/386/296
f 225/346/256 227/350/260 259/391/301 257/387/297
f 253/348/258 254/351/261 286/392/302 285/389/299
f 240/349/259 241/352/262 273/393/303 272/390/300
f 227/350/260 228/353/263 260/394/304 259/391/301
f 254/351/261 255/354/264 287/395/305 286/392/302
f 241/352/262 242/355/265 274/396/306 273/393/303
f 228/353/263 229/356/266 261/397/307 260/394/304
f 255/354/264 256/357/267 288/398/308 287/395/305
f 242/355/265 243/358/268 275/399/309 274/396/306
f 229/356/266 230/359/269 262/400/310 261/397/307
f 256/357/267 226/347/257 258/388/298 288/398/308
f 243/358/268 244/360/270 276/401/311 275/399/309
f 230/359/269 231/361/271 263/402/312 262/400/310
f 244/360/270 245/337/247 277/340/250 276/401/311
f 231/361/271 232/362/272 264/376/286 263/402/312
f 315/403/313 316/404/314 348/405/315 347/406/316
f 267/379/289 268/380/290 300/407/317 299/408/318
f 281/372/282 282/381/291 314/409/319 313/373/283
f 268/380/290 269/382/292 301/410/320 300/407/317
f 282/381/291 283/383/293 315/403/313 314/409/319
f 269/382/292 270/384/294 302/411/321 301/410/320
f 283/383/293 284/385/295 316/404/314 315/403/313
f 270/384/294 271/386/296 303/412/322 302/411/321
f 258/388/298 257/387/297 289/413/323 290/414/324
f 284/385/295 285/389/299 317/415/325 316/404/314
f 271/386/296 272/390/300 304/416/326 303/412/322
f 257/387/297 259/391/301 291/417/327 289/413/323
f 285/389/299 286/392/302 318/418/328 317/415/325
f 272/390/300 273/393/303 305/419/329 304/416/326
f 259/391/301 260/394/304 292/420/330 291/417/327
f 286/392/302 287/395/305 319/421/331 318/418/328
f 273/393/303 274/396/306 306/422/332 305/419/329
f 260/394/304 261/397/307 293/423/333 292/420/330
f 287/395/305 288/398/308 320/424/334 319/421/331
f 274/396/306 275/399/309 307/425/335 306/422/332
f 261/397/307 262/400/310 294/426/336 293/423/333
f 288/398/308 258/388/298 290/414/324 320/424/334
f 275/399/309 276/401/311 308/427/337 307/425/335
f 262/400/310 263/402/312 295/428/338 294/426/336
f 276/401/311 277/340/250 309/429/339 308/427/337
f 263/402/312 264/376/286 296/430/340 295/428/338
f 277/340/250 278/339/249 310/431/341 309/429/339
f 264/376/286 265/375/285 297/432/342 296/430/340
f 278/339/249 279/377/287 311/433/343 310/431/341
f 265/375/285 266/378/288 298/434/344 297/432/342
f 279/377/287 280/371/281 312/374/284 311/433/343
f 266/378/288 267/379/289 299/408/318 298/434/344
f 350/435/345 351/436/346 383/437/347 382/438/348
f 302/411/321 303/412/322 335/439/349 334/440/350
f 290/414/324 289/413/323 321/441/351 322/442/352
f 316/404/314 317/415/325 349/443/353 348/405/315
f 303/412/322 304/416/326 336/444/354 335/439/349
f 289/413/323 291/417/327 323/445/355 321/441/351
f 317/415/325 318/418/328 350/435/345 349/443/353
f 304/416/326 305/419/329 337/446/356 336/444/354
f 291/417/327 292/420/330 324/447/357 323/445/355
f 318/418/328 319/421/331 351/436/346 350/435/345
f 305/419/329 306/422/332 338/448/358 337/446/356
f 292/420/330 293/423/333 325/449/359 324/447/357
f 319/421/331 320/424/334 352/450/360 351/436/346
f 306/422/332 307/425/335 339/451/361 338/448/358
f 293/423/333 294/426/336 326/452/362 325/449/359
f 320/424/334 290/414/324 322/442/352 352/450/360
f 307/425/335 308/427/337 340/453/363 339/451/361
f 294/426/336 295/428/338 327/454/364 326/452/362
f 308/427/337 309/429/339 341/455/365 340/453/363
f 295/428/338 296/430/340 328/456/366 327/454/364
f 309/429/339 310/431/341 342/457/367 341/455/365
f 296/430/340 297/432/342 329/458/368 328/456/366
f 310/431/341 311/433/343 343/459/369 342/457/367
f 297/432/342 298/434/344 330/460/370 329/458/368
f 311/433/343 312/374/284 344/461/371 343/459/369
f 298/434/344 299/408/318 331/462/372 330/460/370
f 312/374/284 313/373/283 345/463/373 344/461/371
f 299/408/318 300/407/317 332/464/374 331/462/372
f 313/373/283 314/409/319 346/465/375 345/463/373
f 300/407/317 301/410/320 333/466/376 332/464/374
f 314/409/319 315/403/313 347/406/316 346/465/375
f 301/410/320 302/411/321 334/440/350 333/466/376
f 372/467/377 373/468/378 405/469/379 404/470/380
f 337/446/356 338/448/358 370/471/381 369/472/382
f 324/447/357 325/449/359 357/473/383 356/474/384
f 351/436/346 352/450/360 384/475/385 383/437/347
f 338/448/358 339/451/361 371/476/386 370/471/381
f 325/449/359 326/452/362 358/477/387 357/473/383
f 352/450/360 322/442/352 354/478/388 384/475/385
f 339/451/361 340/453/363 372/467/377 371/476/386
f 326/452/362 327/454/364 359/479/389 358/477/387
f 340/453/363 341/455/365 373/468/378 372/467/377
f 327/454/364 328/456/366 360/480/390 359/479/389
f 341/455/365 342/457/367 374/481/391 373/468/378
f 328/456/366 329/458/368 361/482/392 360/480/390
f 342/457/367 343/459/369 375/483/393 374/481/391
f 329/458/368 330/460/370 362/484/394 361/482/392
f 343/459/369 344/461/371 376/485/395 375/483/393
f 330/460/370 331/462/372 363/486/396 362/484/394
f 344/461/371 345/463/373 377/487/397 376/485/395
f 331/462/372 332/464/374 364/488/398 363/486/396
f 345/463/373 346/465/375 378/489/399 377/487/397
f 332/464/374 333/466/376 365/490/400 364/488/398
f 346/465/375 347/406/316 379/491/401 378/489/399
f 333/466/376 334/440/350 366/492/402 365/490/400
f 347/406/316 348/405/315 380/493/403 379/491/401
f 334/440/350 335/439/349 367/494/404 366/492/402
f 322/442/352 321/441/351 353/495/405 354/478/388
f 348/405/315 349/443/353 381/496/406 380/493/403
f 335/439/349 336/444/354 368/497/407 367/494/404
f 321/441/351 323/445/355 355/498/408 353/495/405
f 349/443/353 350/435/345 382/438/348 381/496/406
f 336/444/354 337/446/356 369/472/382 368/497/407
f 323/445/355 324/447/357 356/474/384 355/498/408
f 407/499/409 408/500/410 440/501/411 439/502/412
f 359/479/389 360/480/390 392/503/413 391/504/414
f 373/468/378 374/481/391 406/505/415 405/469/379
f 360/480/390 361/482/392 393/506/416 392/503/413
f 374/481/391 375/483/393 407/499/409 406/505/415
f 361/482/392 362/484/394 394/507/417 393/506/416
f 375/483/393 376/485/395 408/500/410 407/499/409
f 362/484/394 363/486/396 395/508/418 394/507/417
f 376/485/395 377/487/397 409/509/419 408/500/410
f 363/486/396 364/488/398 396/510/420 395/508/418
f 377/487/397 378/489/399 410/511/421 409/509/419
f 364/488/398 365/490/400 397/512/422 396/510/420
f 378/489/399 379/491/401 411/513/423 410/511/421
f 365/490/400 366/492/402 398/514/424 397/512/422
f 379/491/401 380/493/403 412/515/425 411/513/423
f 366/492/402 367/494/404 399/516/426 398/514/424
f 354/478/388 353/495/405 385/517/427 386/518/428
f 380/493/403 381/496/406 413/519/429 412/515/425
f 367/494/404 368/497/407 400/520/430 399/516/426
f 353/495/405 355/498/408 387/521/431 385/517/427
f 381/496/406 382/438/348 414/522/432 413/519/429
f 368/497/407 369/472/382 401/523/433 400/520/430
f 355/498/408 356/474/384 388/524/434 387/521/431
f 382/438/348 383/437/347 415/525/435 414/522/432
f 369/472/382 370/471/381 402/526/436 401/523/433
f 356/474/384 357/473/383 389/527/437 388/524/434
f 383/437/347 384/475/385 416/528/438 415/525/435
f 370/471/381 371/476/386 403/529/439 402/526/436
f 357/473/383 358/477/387 390/530/440 389/527/437
f 384/475/385 354/478/388 386/518/428 416/528/438
f 371/476/386 372/467/377 404/470/380 403/529/439
f 358/477/387 359/479/389 391/504/414 390/530/440
f 442/531/441 443/532/442 475/533/443 474/534/444
f 394/507/417 395/508/418 427/535/445 426/536/446
f 408/500/410 409/509/419 441/537/447 440/501/411
f 395/508/418 396/510/420 428/538/448 427/535/445
f 409/509/419 410/511/421 442/531/441 441/537/447
f 396/510/420 397/512/422 429/539/449 428/538/448
f 410/511/421 411/513/423 443/532/442 442/531/441
f 397/512/422 398/514/424 430/540/450 429/539/449
f 411/513/423 412/515/425 444/541/451 443/532/442
f 398/514/424 399/516/426 431/542/452 430/540/450
f 386/518/428 385/517/427 417/543/453 418/544/454
f 412/515/425 413/519/429 445/545/455 444/541/451
f 399/516/426 400/520/430 432/546/456 431/542/452
f 385/517/427 387/521/431 419/547/457 417/543/453
f 413/519/429 414/522/432 446/548/458 445/545/455
f 400/520/430 401/523/433 433/549/459 432/546/456
f 387/521/431 388/524/434 420/550/460 419/547/457
f 414/522/432 415/525/435 447/551/461 446/548/458
f 401/523/433 402/526/436 434/552/462 433/549/459
f 388/524/434 389/527/437 421/553/463 420/550/460
f 415/525/435 416/528/438 448/554/464 447/551/461
f 402/526/436 403/529/439 435/555/465 434/552/462
f 389/527/437 390/530/440 422/556/466 421/553/463
f 416/528/438 386/518/428 418/544/454 448/554/464
f 403/529/439 404/470/380 436/557/467 435/555/465
f 390/530/440 391/504/414 423/558/468 422/556/466
f 404/470/380 405/469/379 437/559/469 436/557/467
f 391/504/414 392/503/413 424/560/470 423/558/468
f 405/469/379 406/505/415 438/561/471 437/559/469
f 392/503/413 393/506/416 425/562/472 424/560/470
f 406/505/415 407/499/409 439/502/412 438/561/471
f 393/506/416 394/507/417 426/536/446 425/562/472
f 449/563/473 451/564/474 483/565/475 481/566/476
f 429/539/449 430/540/450 462/567/477 461/568/478
f 443/532/442 444/541/451 476/569/479 475/533/443
f 430/540/450 431/542/452 463/570/480 462/567/477
f 418/544/454 417/543/453 449/563/473 450/571/481
f 444/541/451 445/545/455 477/572/482 476/569/479
f 496/573/483 528/574/484 583/575/485 581/576/486
f 417/543/453 419/547/457 451/564/474 449/563/473
f 445/545/455 446/548/458 478/577/487 477/572/482
f 432/546/456 433/549/459 465/578/488 464/579/489
f 419/547/457 420/550/460 452/580/490 451/564/474
f 446/548/458 447/551/461 479/581/491 478/577/487
f 433/549/459 434/552/462 466/582/492 465/578/488
f 420/550/460 421/553/463 453/583/493 452/580/490
f 447/551/461 448/554/464 480/584/494 479/581/491
f 434/552/462 435/555/465 467/585/495 466/582/492
f 421/553/463 422/556/466 454/586/496 453/583/493
f 448/554/464 418/544/454 450/571/481 480/584/494
f 435/555/465 436/557/467 468/587/497 467/585/495
f 422/556/466 423/558/468 455/588/498 454/586/496
f 436/557/467 437/559/469 469/589/499 468/587/497
f 423/558/468 424/560/470 456/590/500 455/588/498
f 437/559/469 438/561/471 470/591/501 469/589/499
f 424/560/470 425/562/472 457/592/502 456/590/500
f 438/561/471 439/502/412 471/593/503 470/591/501
f 425/562/472 426/536/446 458/594/504 457/592/502
f 439/502/412 440/501/411 472/595/505 471/593/503
f 426/536/446 427/535/445 459/596/506 458/594/504
f 440/501/411 441/537/447 473/597/507 472/595/505
f 427/535/445 428/538/448 460/598/508 459/596/506
f 441/537/447 442/531/441 474/534/444 473/597/507
f 428/538/448 429/539/449 461/568/478 460/598/508
f 485/599/509 486/600/510 518/601/511 517/602/512
f 477/572/482 478/577/487 510/603/513 509/604/514
f 464/579/489 465/578/488 497/605/515 496/573/483
f 451/564/474 452/580/490 484/606/516 483/565/475
f 478/577/487 479/581/491 511/607/517 510/603/513
f 465/578/488 466/582/492 498/608/518 497/605/515
f 452/580/490 453/583/493 485/599/509 484/606/516
f 479/581/491 480/584/494 512/609/519 511/607/517
f 466/582/492 467/585/495 499/610/520 498/608/518
f 453/583/493 454/586/496 486/600/510 485/599/509
f 480/584/494 450/571/481 482/611/521 512/609/519
f 467/585/495 468/587/497 500/612/522 499/610/520
f 454/586/496 455/588/498 487/613/523 486/600/510
f 468/587/497 469/589/499 501/614/524 500/612/522
f 455/588/498 456/590/500 488/615/525 487/613/523
f 469/589/499 470/591/501 502/616/526 501/614/524
f 456/590/500 457/592/502 489/617/527 488/615/525
f 470/591/501 471/593/503 503/618/528 502/616/526
f 457/592/502 458/594/504 490/619/529 489/617/527
f 471/593/503 472/595/505 504/620/530 503/618/528
f 458/594/504 459/596/506 491/621/531 490/619/529
f 505/622/532 537/623/533 589/624/534 587/625/535
f 459/596/506 460/598/508 492/626/536 491/621/531
f 473/597/507 474/534/444 506/627/537 505/622/532
f 460/598/508 461/568/478 493/628/538 492/626/536
f 474/534/444 475/533/443 507/629/539 506/627/537
f 461/568/478 462/567/477 494/630/540 493/628/538
f 475/533/443 476/569/479 508/631/541 507/629/539
f 462/567/477 463/570/480 495/632/542 494/630/540
f 450/571/481 449/563/473 481/566/476 482/611/521
f 476/569/479 477/572/482 509/604/514 508/631/541
f 464/579/489 496/573/483 581/576/486 579/633/543
f 520/634/544 521/635/545 553/636/546 552/637/547
f 512/609/519 482/611/521 514/638/548 544/639/549
f 499/610/520 500/612/522 532/640/550 531/641/551
f 486/600/510 487/613/523 519/642/552 518/601/511
f 500/612/522 501/614/524 533/643/553 532/640/550
f 487/613/523 488/615/525 520/634/544 519/642/552
f 501/614/524 502/616/526 534/644/554 533/643/553
f 488/615/525 489/617/527 521/635/545 520/634/544
f 502/616/526 503/618/528 535/645/555 534/644/554
f 489/617/527 490/619/529 522/646/556 521/635/545
f 503/618/528 504/620/530 536/647/557 535/645/555
f 490/619/529 491/621/531 523/648/558 522/646/556
f 472/595/505 473/597/507 585/649/559 586/650/560
f 491/621/531 492/626/536 524/651/561 523/648/558
f 505/622/532 506/627/537 538/652/562 537/623/533
f 492/626/536 493/628/538 525/653/563 524/651/561
f 506/627/537 507/629/539 539/654/564 538/652/562
f 493/628/538 494/630/540 526/655/565 525/653/563
f 507/629/539 508/631/541 540/656/566 539/654/564
f 494/630/540 495/632/542 527/657/567 526/655/565
f 482/611/521 481/566/476 513/658/568 514/638/548
f 508/631/541 509/604/514 541/659/569 540/656/566
f 463/570/480 431/542/452 578/660/570 580/661/571
f 481/566/476 483/565/475 515/662/572 513/658/568
f 509/604/514 510/603/513 542/663/573 541/659/569
f 496/573/483 497/605/515 529/664/574 528/574/484
f 483/565/475 484/606/516 516/665/575 515/662/572
f 510/603/513 511/607/517 543/666/576 542/663/573
f 497/605/515 498/608/518 530/667/577 529/664/574
f 484/606/516 485/599/509 517/602/512 516/665/575
f 511/607/517 512/609/519 544/639/549 543/666/576
f 498/608/518 499/610/520 531/641/551 530/667/577
f 545/668/578 547/669/579 548/670/580 549/671/581 550/672/582 551/673/583 552/637/547 553/636/546 554/674/584 555/675/585 556/676/586 557/677/587 558/678/588 559/679/589 560/680/590 561/681/591 562/682/592 563/683/593 564/684/594 565/685/595 566/686/596 567/687/597 568/688/598 569/689/599 570/690/600 571/691/601 572/692/602 573/693/603 574/694/604 575/695/605 576/696/606 546/697/607
f 534/644/554 535/645/555 567/687/597 566/686/596
f 521/635/545 522/646/556 554/674/584 553/636/546
f 535/645/555 536/647/557 568/688/598 567/687/597
f 522/646/556 523/648/558 555/675/585 554/674/584
f 536/647/557 537/623/533 569/689/599 568/688/598
f 523/648/558 524/651/561 556/676/586 555/675/585
f 537/623/533 538/652/562 570/690/600 569/689/599
f 524/651/561 525/653/563 557/677/587 556/676/586
f 538/652/562 539/654/564 571/691/601 570/690/600
f 525/653/563 526/655/565 558/678/588 557/677/587
f 539/654/564 540/656/566 572/692/602 571/691/601
f 526/655/565 527/657/567 559/679/589 558/678/588
f 514/638/548 513/658/568 545/668/578 546/697/607
f 540/656/566 541/659/569 573/693/603 572/692/602
f 527/657/567 528/574/484 560/680/590 559/679/589
f 513/658/568 515/662/572 547/669/579 545/668/578
f 541/659/569 542/663/573 574/694/604 573/693/603
f 528/574/484 529/664/574 561/681/591 560/680/590
f 515/662/572 516/665/575 548/670/580 547/669/579
f 542/663/573 543/666/576 575/695/605 574/694/604
f 529/664/574 530/667/577 562/682/592 561/681/591
f 516/665/575 517/602/512 549/671/581 548/670/580
f 543/666/576 544/639/549 576/696/606 575/695/605
f 530/667/577 531/641/551 563/683/593 562/682/592
f 517/602/512 518/601/511 550/672/582 549/671/581
f 544/639/549 514/638/548 546/697/607 576/696/606
f 531/641/551 532/640/550 564/684/594 563/683/593
f 518/601/511 519/642/552 551/673/583 550/672/582
f 532/640/550 533/643/553 565/685/595 564/684/594
f 519/642/552 520/634/544 552/637/547 551/673/583
f 533/643/553 534/644/554 566/686/596 565/685/595
f 578/660/570 577/698/608 579/633/543 580/661/571
f 580/661/571 579/633/543 581/576/486 582/699/609
f 582/699/609 581/576/486 583/575/485 584/700/610
f 431/542/452 432/546/456 577/698/608 578/660/570
f 528/574/484 527/657/567 584/700/610 583/575/485
f 432/546/456 464/579/489 579/633/543 577/698/608
f 527/657/567 495/632/542 582/699/609 584/700/610
f 495/632/542 463/570/480 580/661/571 582/699/609
f 586/650/560 585/649/559 587/625/535 588/701/611
f 588/701/611 587/625/535 589/624/534 590/702/612
f 473/597/507 505/622/532 587/625/535 585/649/559
f 536/647/557 504/620/530 588/701/611 590/702/612
f 504/620/530 472/595/505 586/650/560 588/701/611
f 537/623/533 536/647/557 590/702/612 589/624/534
o Circle.001
v -0.245354 -0.981521 1.419089
v -0.261275 -0.981521 1.420657
v -0.276584 -0.981521 1.425301
v -0.290693 -0.981521 1.432842
v -0.303059 -0.981521 1.442991
v -0.313208 -0.981521 1.455357
v -0.320750 -0.981521 1.469466
v -0.325394 -0.981521 1.484775
v -0.326962 -0.981521 1.500696
v -0.325394 -0.981521 1.516617
v -0.320750 -0.981521 1.531926
v -0.313208 -0.981521 1.546035
v -0.303059 -0.981521 1.558401
v -0.290693 -0.981521 1.568550
v -0.276584 -0.981521 1.576092
v -0.261275 -0.981521 1.580736
v -0.245354 -0.981521 1.582304
v -0.229433 -0.981521 1.580736
v -0.214124 -0.981521 1.576092
v -0.200015 -0.981521 1.568550
v -0.187649 -0.981521 1.558401
v -0.177500 -0.981521 1.546035
v -0.169959 -0.981521 1.531926
v -0.165315 -0.981521 1.516617
v -0.163747 -0.981521 1.500696
v -0.165315 -0.981521 1.484775
v -0.169959 -0.981521 1.469466
v -0.177500 -0.981521 1.455357
v -0.187649 -0.981521 1.442991
v -0.200016 -0.981521 1.432842
v -0.214124 -0.981521 1.425300
v -0.229433 -0.981521 1.420657
v -0.117998 -0.481813 1.420657
v -0.102255 -0.484186 1.419089
v -0.133136 -0.479530 1.425301
v -0.147087 -0.477427 1.432842
v -0.159316 -0.475584 1.442991
v -0.169351 -0.474071 1.455357
v -0.176808 -0.472947 1.469466
v -0.181400 -0.472254 1.484775
v -0.182951 -0.472021 1.500696
v -0.181400 -0.472254 1.516617
v -0.176808 -0.472947 1.531926
v -0.169351 -0.474071 1.546035
v -0.159316 -0.475584 1.558401
v -0.147087 -0.477427 1.568550
v -0.133136 -0.479530 1.576092
v -0.117998 -0.481813 1.580736
v -0.102255 -0.484186 1.582304
v -0.086512 -0.486559 1.580736
v -0.071374 -0.488841 1.576092
v -0.057423 -0.490944 1.568550
v -0.045195 -0.492788 1.558401
v -0.035159 -0.494301 1.546035
v -0.027702 -0.495425 1.531926
v -0.023110 -0.496117 1.516617
v -0.021559 -0.496351 1.500696
v -0.023110 -0.496117 1.484775
v -0.027702 -0.495425 1.469466
v -0.035159 -0.494301 1.455357
v -0.045195 -0.492788 1.442991
v -0.057423 -0.490944 1.432842
v -0.071374 -0.488841 1.425301
v -0.086512 -0.486559 1.420657
v 0.333314 1.136308 1.420657
v 0.349057 1.133934 1.419089
v 0.318176 1.138590 1.425301
v 0.304225 1.140693 1.432842
v 0.291997 1.142536 1.442991
v 0.281961 1.144049 1.455357
v 0.274504 1.145173 1.469466
v 0.269912 1.145866 1.484775
v 0.268362 1.146099 1.500696
v 0.269912 1.145866 1.516617
v 0.274504 1.145173 1.531926
v 0.281961 1.144049 1.546035
v 0.291997 1.142536 1.558401
v 0.304225 1.140693 1.568550
v 0.318176 1.138590 1.576092
v 0.333314 1.136308 1.580736
v 0.349057 1.133934 1.582304
v 0.364800 1.131561 1.580736
v 0.379938 1.129279 1.576092
v 0.393890 1.127176 1.568550
v 0.406118 1.125332 1.558401
v 0.416153 1.123819 1.546035
v 0.423611 1.122695 1.531926
v 0.428203 1.122003 1.516617
v 0.429753 1.121769 1.500696
v 0.428203 1.122003 1.484775
v 0.423611 1.122695 1.469466
v 0.416153 1.123819 1.455357
v 0.406118 1.125332 1.442991
v 0.393889 1.127176 1.432842
v 0.379938 1.129279 1.425301
v 0.364800 1.131561 1.420657
v 0.447199 1.528689 1.420657
v 0.461832 1.522417 1.419089
v 0.433127 1.534718 1.425301
v 0.420159 1.540276 1.432842
v 0.408792 1.545147 1.442991
v 0.399464 1.549145 1.455357
v 0.392532 1.552115 1.469466
v 0.388264 1.553944 1.484775
v 0.386822 1.554562 1.500696
v 0.388264 1.553944 1.516617
v 0.392532 1.552115 1.531926
v 0.399464 1.549145 1.546035
v 0.408792 1.545147 1.558401
v 0.420159 1.540276 1.568550
v 0.433127 1.534718 1.576092
v 0.447199 1.528689 1.580736
v 0.461832 1.522417 1.582304
v 0.476466 1.516146 1.580736
v 0.490538 1.510116 1.576092
v 0.503506 1.504559 1.568550
v 0.514873 1.499688 1.558401
v 0.524201 1.495690 1.546035
v 0.531133 1.492720 1.531926
v 0.535401 1.490890 1.516617
v 0.536843 1.490273 1.500696
v 0.535401 1.490890 1.484775
v 0.531133 1.492720 1.469466
v 0.524201 1.495690 1.455357
v 0.514872 1.499688 1.442991
v 0.503506 1.504559 1.432842
v 0.490537 1.510116 1.425301
v 0.476466 1.516146 1.420657
v 0.515143 1.754728 1.420657
v 0.529776 1.748457 1.419089
v 0.501071 1.760758 1.425301
v 0.488103 1.766315 1.432842
v 0.476736 1.771186 1.442991
v 0.467408 1.775184 1.455357
v 0.460476 1.778155 1.469466
v 0.456207 1.779984 1.484775
v 0.454766 1.780601 1.500696
v 0.456207 1.779984 1.516617
v 0.460476 1.778155 1.531926
v 0.467408 1.775184 1.546035
v 0.476736 1.771186 1.558401
v 0.488103 1.766315 1.568550
v 0.501071 1.760758 1.576092
v 0.515143 1.754728 1.580736
v 0.529776 1.748457 1.582304
v 0.544410 1.742186 1.580736
v 0.558481 1.736156 1.576092
v 0.571450 1.730598 1.568550
v 0.582817 1.725727 1.558401
v 0.592145 1.721729 1.546035
v 0.599077 1.718759 1.531926
v 0.603345 1.716930 1.516617
v 0.604786 1.716313 1.500696
v 0.603345 1.716930 1.484775
v 0.599077 1.718759 1.469466
v 0.592145 1.721730 1.455357
v 0.582816 1.725727 1.442991
v 0.571450 1.730598 1.432842
v 0.558481 1.736156 1.425301
v 0.544410 1.742186 1.420657
v 0.577348 1.911538 1.420657
v 0.588222 1.899909 1.419089
v 0.566892 1.922721 1.425301
v 0.557256 1.933026 1.432842
v 0.548810 1.942059 1.442991
v 0.541879 1.949472 1.455357
v 0.536728 1.954981 1.469466
v 0.533556 1.958373 1.484775
v 0.532485 1.959518 1.500696
v 0.533556 1.958373 1.516617
v 0.536728 1.954981 1.531926
v 0.541879 1.949472 1.546035
v 0.548810 1.942059 1.558401
v 0.557256 1.933026 1.568550
v 0.566892 1.922721 1.576092
v 0.577348 1.911538 1.580736
v 0.588222 1.899909 1.582304
v 0.599095 1.888280 1.580736
v 0.609551 1.877098 1.576092
v 0.619187 1.866792 1.568550
v 0.627633 1.857759 1.558401
v 0.634565 1.850346 1.546035
v 0.639716 1.844838 1.531926
v 0.642887 1.841446 1.516617
v 0.643958 1.840300 1.500696
v 0.642887 1.841446 1.484775
v 0.639716 1.844838 1.469466
v 0.634565 1.850346 1.455357
v 0.627633 1.857759 1.442991
v 0.619187 1.866792 1.432842
v 0.609551 1.877098 1.425301
v 0.599095 1.888280 1.420657
v 0.636839 1.965536 1.420657
v 0.642489 1.950651 1.419089
v 0.631407 1.979848 1.425301
v 0.626401 1.993039 1.432842
v 0.622012 2.004601 1.442991
v 0.618411 2.014089 1.455357
v 0.615735 2.021140 1.469466
v 0.614087 2.025481 1.484775
v 0.613531 2.026947 1.500696
v 0.614087 2.025481 1.516617
v 0.615735 2.021140 1.531926
v 0.618411 2.014089 1.546035
v 0.622012 2.004601 1.558401
v 0.626401 1.993039 1.568550
v 0.631407 1.979848 1.576092
v 0.636840 1.965536 1.580736
v 0.642489 1.950651 1.582304
v 0.648138 1.935766 1.580736
v 0.653571 1.921453 1.576092
v 0.658577 1.908262 1.568550
v 0.662965 1.896700 1.558401
v 0.666566 1.887212 1.546035
v 0.669243 1.880161 1.531926
v 0.670891 1.875820 1.516617
v 0.671447 1.874354 1.500696
v 0.670891 1.875820 1.484775
v 0.669243 1.880161 1.469466
v 0.666566 1.887212 1.455357
v 0.662965 1.896701 1.442991
v 0.658577 1.908262 1.432842
v 0.653570 1.921453 1.425301
v 0.648138 1.935766 1.420657
v 2.421649 1.977385 1.420657
v 2.421619 1.961464 1.419089
v 2.421677 1.992694 1.425301
v 2.421702 2.006803 1.432842
v 2.421725 2.019169 1.442991
v 2.421743 2.029317 1.455357
v 2.421757 2.036859 1.469466
v 2.421766 2.041503 1.484775
v 2.421769 2.043071 1.500696
v 2.421766 2.041503 1.516617
v 2.421757 2.036859 1.531926
v 2.421743 2.029317 1.546035
v 2.421725 2.019169 1.558401
v 2.421702 2.006803 1.568550
v 2.421677 1.992694 1.576092
v 2.421649 1.977385 1.580736
v 2.421619 1.961464 1.582304
v 2.421590 1.945543 1.580736
v 2.421562 1.930234 1.576092
v 2.421536 1.916125 1.568550
v 2.421514 1.903758 1.558401
v 2.421495 1.893609 1.546035
v 2.421481 1.886068 1.531926
v 2.421473 1.881424 1.516617
v 2.421470 1.879856 1.500696
v 2.421473 1.881424 1.484775
v 2.421481 1.886068 1.469466
v 2.421495 1.893610 1.455357
v 2.421514 1.903759 1.442991
v 2.421536 1.916125 1.432842
v 2.421562 1.930234 1.425301
v 2.421590 1.945543 1.420657
v 2.576583 1.949802 1.420656
v 2.564718 1.939186 1.419088
v 2.587992 1.960010 1.425300
v 2.598507 1.969417 1.432842
v 2.607723 1.977662 1.442991
v 2.615287 1.984429 1.455357
v 2.620908 1.989457 1.469466
v 2.624368 1.992554 1.484775
v 2.625537 1.993600 1.500696
v 2.624368 1.992554 1.516617
v 2.620908 1.989457 1.531926
v 2.615287 1.984429 1.546035
v 2.607723 1.977662 1.558401
v 2.598507 1.969417 1.568550
v 2.587992 1.960010 1.576092
v 2.576583 1.949802 1.580735
v 2.564718 1.939186 1.582304
v 2.552853 1.928571 1.580735
v 2.541443 1.918363 1.576092
v 2.530929 1.908956 1.568550
v 2.521712 1.900710 1.558401
v 2.514148 1.893943 1.546035
v 2.508528 1.888915 1.531926
v 2.505067 1.885819 1.516617
v 2.503898 1.884773 1.500696
v 2.505067 1.885819 1.484775
v 2.508528 1.888915 1.469466
v 2.514149 1.893943 1.455357
v 2.521712 1.900710 1.442991
v 2.530929 1.908956 1.432842
v 2.541443 1.918363 1.425300
v 2.552853 1.928571 1.420656
v 2.635976 1.790064 1.420657
v 2.620444 1.786568 1.419088
v 2.650911 1.793427 1.425300
v 2.664675 1.796525 1.432842
v 2.676740 1.799241 1.442991
v 2.686641 1.801470 1.455357
v 2.693999 1.803126 1.469466
v 2.698529 1.804147 1.484775
v 2.700059 1.804491 1.500696
v 2.698529 1.804147 1.516617
v 2.693999 1.803126 1.531926
v 2.686641 1.801470 1.546035
v 2.676740 1.799241 1.558401
v 2.664675 1.796525 1.568550
v 2.650911 1.793427 1.576092
v 2.635976 1.790064 1.580736
v 2.620444 1.786568 1.582304
v 2.604911 1.783071 1.580736
v 2.589976 1.779709 1.576092
v 2.576212 1.776610 1.568550
v 2.564147 1.773894 1.558401
v 2.554246 1.771665 1.546035
v 2.546889 1.770009 1.531926
v 2.542359 1.768989 1.516617
v 2.540828 1.768645 1.500696
v 2.542359 1.768989 1.484775
v 2.546889 1.770009 1.469466
v 2.554247 1.771665 1.455357
v 2.564147 1.773894 1.442991
v 2.576212 1.776610 1.432842
v 2.589976 1.779709 1.425300
v 2.604911 1.783071 1.420657
v 2.669518 1.638564 1.420657
v 2.653611 1.639237 1.419089
v 2.684813 1.637918 1.425301
v 2.698909 1.637322 1.432842
v 2.711265 1.636800 1.442991
v 2.721405 1.636372 1.455357
v 2.728940 1.636053 1.469466
v 2.733579 1.635858 1.484775
v 2.735146 1.635791 1.500696
v 2.733579 1.635858 1.516617
v 2.728940 1.636053 1.531926
v 2.721405 1.636372 1.546035
v 2.711265 1.636800 1.558401
v 2.698909 1.637322 1.568550
v 2.684813 1.637918 1.576092
v 2.669518 1.638564 1.580736
v 2.653611 1.639237 1.582304
v 2.637704 1.639908 1.580736
v 2.622409 1.640555 1.576092
v 2.608313 1.641150 1.568550
v 2.595958 1.641672 1.558401
v 2.585817 1.642101 1.546035
v 2.578283 1.642420 1.531926
v 2.573643 1.642615 1.516617
v 2.572077 1.642682 1.500696
v 2.573643 1.642615 1.484775
v 2.578283 1.642420 1.469466
v 2.585818 1.642101 1.455357
v 2.595957 1.641672 1.442991
v 2.608313 1.641150 1.432842
v 2.622409 1.640555 1.425301
v 2.637704 1.639908 1.420657
v 2.557763 -1.006138 1.420656
v 2.541857 -1.005466 1.419088
v 2.573059 -1.006784 1.425300
v 2.587155 -1.007380 1.432842
v 2.599510 -1.007902 1.442991
v 2.609650 -1.008330 1.455357
v 2.617185 -1.008649 1.469466
v 2.621825 -1.008844 1.484775
v 2.623392 -1.008911 1.500696
v 2.621825 -1.008844 1.516617
v 2.617185 -1.008649 1.531926
v 2.609650 -1.008330 1.546035
v 2.599510 -1.007902 1.558401
v 2.587155 -1.007380 1.568550
v 2.573059 -1.006784 1.576091
v 2.557763 -1.006138 1.580735
v 2.541857 -1.005466 1.582303
v 2.525950 -1.004794 1.580735
v 2.510655 -1.004148 1.576091
v 2.496559 -1.003552 1.568550
v 2.484203 -1.003030 1.558401
v 2.474063 -1.002601 1.546034
v 2.466529 -1.002283 1.531926
v 2.461889 -1.002087 1.516617
v 2.460322 -1.002020 1.500696
v 2.461889 -1.002087 1.484775
v 2.466529 -1.002283 1.469466
v 2.474064 -1.002601 1.455357
v 2.484203 -1.003030 1.442991
v 2.496559 -1.003552 1.432842
v 2.510654 -1.004147 1.425300
v 2.525950 -1.004794 1.420656
v 0.528056 1.885426 1.484775
v 0.526507 1.885178 1.500696
v 0.496262 1.766982 1.484775
v 0.494789 1.767520 1.500696
v 0.454256 1.643757 1.484775
v 0.452973 1.644660 1.500696
vt 0.000000 0.000000
vt 0.000000 0.000000
vt 0.000000 0.000000
vt 0.000000 0.000000
vt 0.000000 0.000000
vt 0.000000 0.000000
vt 0.000000 0.000000
vt 0.000000 0.000000
vt 0.000000 0.000000
vt 0.000000 0.000000
vt 0.000000 0.000000
vt 0.000000 0.000000
vt 0.000000 0.000000
vt 0.000000 0.000000
vt 0.000000 0.000000
vt 0.000000 0.000000
vt 0.000000 0.000000
vt 0.000000 0.000000
vt 0.000000 0.000000
vt 0.000000 0.000000
vt 0.000000 0.000000
vt 0.000000 0.000000
vt 0.000000 0.000000
vt 0.000000 0.000000
vt 0.000000 0.000000
vt 0.000000 0.000000
vt 0.000000 0.000000
vt 0.000000 0.000000
vt 0.000000 0.000000
vt 0.000000 0.000000
vt 0.000000 0.000000
vt 0.000000 0.000000
vt 0.000000 0.000000
vt 0.000000 0.000000
vt 0.000000 0.000000
vt 0.000000 0.000000
vt 0.000000 0.000000
vt 0.000000 0.000000
vt 0.000000 0.000000
vt 0.000000 0.000000
vt 0.000000 0.000000
vt 0.000000 0.000000
vt 0.000000 0.000000
vt 0.000000 0.000000
vt 0.000000 0.000000
vt 0.000000 0.000000
vt 0.000000 0.000000
vt 0.000000 0.000000
vt 0.000000 0.000000
vt 0.000000 0.000000
vt 0.000000 0.000000
vt 0.000000 0.000000
vt 0.000000 0.000000
vt 0.000000 0.000000
vt 0.000000 0.000000
vt 0.000000 0.000000
vt 0.000000 0.000000
vt 0.000000 0.000000
vt 0.000000 0.000000
vt 0.000000 0.000000
vt 0.000000 0.000000
vt 0.000000 0.000000
vt 0.000000 0.000000
vt 0.000000 0.000000
vt 0.000000 0.000000
vt 0.000000 0.000000
vt 0.000000 0.000000
vt 0.000000 0.000000
vt 0.000000 0.000000
vt 0.000000 0.000000
vt 0.000000 0.000000
vt 0.000000 0.000000
vt 0.000000 0.000000
vt 0.000000 0.000000
vt 0.000000 0.000000
vt 0.000000 0.000000
vt 0.000000 0.000000
vt 0.000000 0.000000
vt 0.000000 0.000000
vt 0.000000 0.000000
vt 0.000000 0.000000
vt 0.000000 0.000000
vt 0.000000 0.000000
vt 0.000000 0.000000
vt 0.000000 0.000000
vt 0.000000 0.000000
vt 0.000000 0.000000
vt 0.000000 0.000000
vt 0.000000 0.000000
vt 0.000000 0.000000
vt 0.000000 0.000000
vt 0.000000 0.000000
vt 0.000000 0.000000
vt 0.000000 0.000000
vt 0.000000 0.000000
vt 0.000000 0.000000
vt 0.000000 0.000000
vt 0.000000 0.000000
vt 0.000000 0.000000
vt 0.000000 0.000000
vt 0.000000 0.000000
vt 0.000000 0.000000
vt 0.000000 0.000000
vt 0.000000 0.000000
vt 0.000000 0.000000
vt 0.000000 0.000000
vt 0.000000 0.000000
vt 0.000000 0.000000
vt 0.000000 0.000000
vt 0.000000 0.000000
vt 0.000000 0.000000
vt 0.000000 0.000000
vt 0.000000 0.000000
vt 0.000000 0.000000
vt 0.000000 0.000000
vt 0.000000 0.000000
vt 0.000000 0.000000
vt 0.000000 0.000000
vt 0.000000 0.000000
vt 0.000000 0.000000
vt 0.000000 0.000000
vt 0.000000 0.000000
vt 0.000000 0.000000
vt 0.000000 0.000000
vt 0.000000 0.000000
vt 0.000000 0.000000
vt 0.000000 0.000000
vt 0.000000 0.000000
vt 0.000000 0.000000
vt 0.000000 0.000000
vt 0.000000 0.000000
vt 0.000000 0.000000
vt 0.000000 0.000000
vt 0.000000 0.000000
vt 0.000000 0.000000
vt 0.000000 0.000000
vt 0.000000 0.000000
vt 0.000000 0.000000
vt 0.000000 0.000000
vt 0.000000 0.000000
vt 0.000000 0.000000
vt 0.000000 0.000000
vt 0.000000 0.000000
vt 0.000000 0.000000
vt 0.000000 0.000000
vt 0.000000 0.000000
vt 0.000000 0.000000
vt 0.000000 0.000000
vt 0.000000 0.000000
vt 0.000000 0.000000
vt 0.000000 0.000000
vt 0.000000 0.000000
vt 0.000000 0.000000
vt 0.000000 0.000000
vt 0.000000 0.000000
vt 0.000000 0.000000
vt 0.000000 0.000000
vt 0.000000 0.000000
vt 0.000000 0.000000
vt 0.000000 0.000000
vt 0.000000 0.000000
vt 0.000000 0.000000
vt 0.000000 0.000000
vt 0.000000 0.000000
vt 0.000000 0.000000
vt 0.000000 0.000000
vt 0.000000 0.000000
vt 0.000000 0.000000
vt 0.000000 0.000000
vt 0.000000 0.000000
vt 0.000000 0.000000
vt 0.000000 0.000000
vt 0.000000 0.000000
vt 0.000000 0.000000
vt 0.000000 0.000000
vt 0.000000 0.000000
vt 0.000000 0.000000
vt 0.000000 0.000000
vt 0.000000 0.000000
vt 0.000000 0.000000
vt 0.000000 0.000000
vt 0.000000 0.000000
vt 0.000000 0.000000
vt 0.000000 0.000000
vt 0.000000 0.000000
vt 0.000000 0.000000
vt 0.000000 0.000000
vt 0.000000 0.000000
vt 0.000000 0.000000
vt 0.000000 0.000000
vt 0.000000 0.000000
vt 0.000000 0.000000
vt 0.000000 0.000000
vt 0.000000 0.000000
vt 0.000000 0.000000
vt 0.000000 0.000000
vt 0.000000 0.000000
vt 0.000000 0.000000
vt 0.000000 0.000000
vt 0.000000 0.000000
vt 0.000000 0.000000
vt 0.000000 0.000000
vt 0.000000 0.000000
vt 0.000000 0.000000
vt 0.000000 0.000000
vt 0.000000 0.000000
vt 0.000000 0.000000
vt 0.000000 0.000000
vt 0.000000 0.000000
vt 0.000000 0.000000
vt 0.000000 0.000000
vt 0.000000 0.000000
vt 0.000000 0.000000
vt 0.000000 0.000000
vt 0.000000 0.000000
vt 0.000000 0.000000
vt 0.000000 0.000000
vt 0.000000 0.000000
vt 0.000000 0.000000
vt 0.000000 0.000000
vt 0.000000 0.000000
vt 0.000000 0.000000
vt 0.000000 0.000000
vt 0.000000 0.000000
vt 0.000000 0.000000
vt 0.000000 0.000000
vt 0.000000 0.000000
vt 0.000000 0.000000
vt 0.000000 0.000000
vt 0.000000 0.000000
vt 0.000000 0.000000
vt 0.000000 0.000000
vt 0.000000 0.000000
vt 0.000000 0.000000
vt 0.000000 0.000000
vt 0.000000 0.000000
vt 0.000000 0.000000
vt 0.000000 0.000000
vt 0.000000 0.000000
vt 0.000000 0.000000
vt 0.000000 0.000000
vt 0.000000 0.000000
vt 0.000000 0.000000
vt 0.000000 0.000000
vt 0.000000 0.000000
vt 0.000000 0.000000
vt 0.000000 0.000000
vt 0.000000 0.000000
vt 0.000000 0.000000
vt 0.000000 0.000000
vt 0.000000 0.000000
vt 0.000000 0.000000
vt 0.000000 0.000000
vt 0.000000 0.000000
vt 0.000000 0.000000
vt 0.000000 0.000000
vt 0.000000 0.000000
vt 0.000000 0.000000
vt 0.000000 0.000000
vt 0.000000 0.000000
vt 0.000000 0.000000
vt 0.000000 0.000000
vt 0.000000 0.000000
vt 0.000000 0.000000
vt 0.000000 0.000000
vt 0.000000 0.000000
vt 0.000000 0.000000
vt 0.000000 0.000000
vt 0.000000 0.000000
vt 0.000000 0.000000
vt 0.000000 0.000000
vt 0.000000 0.000000
vt 0.000000 0.000000
vt 0.000000 0.000000
vt 0.000000 0.000000
vt 0.000000 0.000000
vt 0.000000 0.000000
vt 0.000000 0.000000
vt 0.000000 0.000000
vt 0.000000 0.000000
vt 0.000000 0.000000
vt 0.000000 0.000000
vt 0.000000 0.000000
vt 0.000000 0.000000
vt 0.000000 0.000000
vt 0.000000 0.000000
vt 0.000000 0.000000
vt 0.000000 0.000000
vt 0.000000 0.000000
vt 0.000000 0.000000
vt 0.000000 0.000000
vt 0.000000 0.000000
vt 0.000000 0.000000
vt 0.000000 0.000000
vt 0.000000 0.000000
vt 0.000000 0.000000
vt 0.000000 0.000000
vt 0.000000 0.000000
vt 0.000000 0.000000
vt 0.000000 0.000000
vt 0.000000 0.000000
vt 0.000000 0.000000
vt 0.000000 0.000000
vt 0.000000 0.000000
vt 0.000000 0.000000
vt 0.000000 0.000000
vt 0.000000 0.000000
vt 0.000000 0.000000
vt 0.000000 0.000000
vt 0.000000 0.000000
vt 0.000000 0.000000
vt 0.000000 0.000000
vt 0.000000 0.000000
vt 0.000000 0.000000
vt 0.000000 0.000000
vt 0.000000 0.000000
vt 0.000000 0.000000
vt 0.000000 0.000000
vt 0.000000 0.000000
vt 0.000000 0.000000
vt 0.000000 0.000000
vt 0.000000 0.000000
vt 0.000000 0.000000
vt 0.000000 0.000000
vt 0.000000 0.000000
vt 0.000000 0.000000
vt 0.000000 0.000000
vt 0.000000 0.000000
vt 0.000000 0.000000
vt 0.000000 0.000000
vt 0.000000 0.000000
vt 0.000000 0.000000
vt 0.000000 0.000000
vt 0.000000 0.000000
vt 0.000000 0.000000
vt 0.000000 0.000000
vt 0.000000 0.000000
vt 0.000000 0.000000
vt 0.000000 0.000000
vt 0.000000 0.000000
vt 0.000000 0.000000
vt 0.000000 0.000000
vt 0.000000 0.000000
vt 0.000000 0.000000
vt 0.000000 0.000000
vt 0.000000 0.000000
vt 0.000000 0.000000
vt 0.000000 0.000000
vt 0.000000 0.000000
vt 0.000000 0.000000
vt 0.000000 0.000000
vt 0.000000 0.000000
vt 0.000000 0.000000
vt 0.000000 0.000000
vt 0.000000 0.000000
vt 0.000000 0.000000
vt 0.000000 0.000000
vt 0.000000 0.000000
vt 0.000000 0.000000
vt 0.000000 0.000000
vt 0.000000 0.000000
vt 0.000000 0.000000
vt 0.000000 0.000000
vt 0.000000 0.000000
vt 0.000000 0.000000
vt 0.000000 0.000000
vt 0.000000 0.000000
vt 0.000000 0.000000
vt 0.000000 0.000000
vt 0.000000 0.000000
vt 0.000000 0.000000
vt 0.000000 0.000000
vt 0.000000 0.000000
vt 0.000000 0.000000
vt 0.000000 0.000000
vt 0.000000 0.000000
vt 0.000000 0.000000
vt 0.000000 0.000000
vt 0.000000 0.000000
vt 0.000000 0.000000
vt 0.000000 0.000000
vt 0.000000 0.000000
vt 0.000000 0.000000
vt 0.000000 0.000000
vt 0.000000 0.000000
vt 0.000000 0.000000
vt 0.000000 0.000000
vt 0.000000 0.000000
vt 0.000000 0.000000
vt 0.000000 0.000000
vn -0.1560 -0.6637 -0.7315
vn -0.0125 -0.6838 -0.7295
vn 0.1246 -0.7038 -0.6994
vn 0.2506 -0.7228 -0.6441
vn 0.3613 -0.7400 -0.5673
vn 0.4542 -0.7548 -0.4732
vn 0.5274 -0.7668 -0.3658
vn 0.5801 -0.7755 -0.2489
vn 0.6118 -0.7809 -0.1259
vn 0.6224 -0.7827 0.0000
vn 0.6118 -0.7809 0.1259
vn 0.5801 -0.7755 0.2489
vn 0.5274 -0.7668 0.3658
vn 0.4542 -0.7548 0.4732
vn 0.3613 -0.7400 0.5673
vn 0.2506 -0.7228 0.6441
vn 0.1246 -0.7038 0.6994
vn -0.0125 -0.6838 0.7295
vn -0.1560 -0.6637 0.7315
vn -0.2999 -0.6442 0.7035
vn -0.4376 -0.6263 0.6451
vn -0.5624 -0.6106 0.5575
vn -0.6676 -0.5978 0.4438
vn -0.7474 -0.5883 0.3086
vn -0.7973 -0.5825 0.1583
vn -0.8142 -0.5805 0.0000
vn -0.7973 -0.5825 -0.1583
vn -0.7474 -0.5883 -0.3086
vn -0.6676 -0.5978 -0.4438
vn -0.5624 -0.6106 -0.5575
vn -0.4376 -0.6263 -0.6451
vn -0.2999 -0.6442 -0.7035
vn 0.6855 -0.1955 0.7013
vn 0.8035 -0.2294 0.5493
vn 0.8014 -0.2282 0.5528
vn 0.6825 -0.1943 0.7046
vn -0.5402 0.1523 0.8276
vn -0.6857 0.1930 0.7018
vn 0.8035 -0.2294 -0.5493
vn 0.8904 -0.2544 -0.3774
vn -0.3729 0.1053 0.9218
vn -0.1903 0.0537 -0.9803
vn 0.0003 -0.0001 -1.0000
vn 0.6855 -0.1955 -0.7013
vn -0.1903 0.0537 0.9803
vn -0.3729 0.1053 -0.9218
vn 0.5403 -0.1539 -0.8272
vn 0.0003 -0.0001 1.0000
vn -0.5402 0.1523 -0.8276
vn 0.3733 -0.1062 -0.9216
vn 0.1908 -0.0542 0.9801
vn -0.6857 0.1930 -0.7018
vn 0.1908 -0.0542 -0.9801
vn 0.3733 -0.1062 0.9216
vn -0.8041 0.2261 -0.5498
vn 0.5403 -0.1539 0.8272
vn -0.8914 0.2505 -0.3778
vn -0.9448 0.2653 -0.1923
vn -0.9627 0.2703 0.0000
vn 0.8904 -0.2544 0.3774
vn -0.9448 0.2653 0.1923
vn 0.9436 -0.2697 0.1921
vn -0.8914 0.2505 0.3778
vn 0.9615 -0.2749 0.0000
vn -0.8041 0.2261 0.5498
vn 0.9436 -0.2697 -0.1921
vn 0.9435 -0.2687 0.1937
vn 0.9617 -0.2739 0.0000
vn 0.9590 -0.2834 0.0000
vn 0.9408 -0.2781 0.1938
vn -0.9619 0.2735 0.0000
vn -0.9436 0.2684 -0.1936
vn 0.8895 -0.2533 0.3803
vn -0.9436 0.2684 0.1936
vn -0.8896 0.2530 0.3800
vn -0.8017 0.2280 0.5525
vn 0.9435 -0.2687 -0.1937
vn -0.6829 0.1943 0.7042
vn 0.8895 -0.2533 -0.3803
vn -0.5374 0.1529 0.8293
vn 0.8014 -0.2282 -0.5528
vn -0.3707 0.1055 0.9227
vn -0.1893 0.0539 -0.9804
vn -0.0003 0.0001 -1.0000
vn 0.6825 -0.1943 -0.7046
vn -0.1893 0.0539 0.9804
vn -0.3707 0.1055 -0.9227
vn 0.5369 -0.1528 -0.8296
vn -0.0003 0.0001 1.0000
vn -0.5374 0.1529 -0.8293
vn 0.3702 -0.1053 -0.9229
vn 0.1887 -0.0537 0.9806
vn -0.6829 0.1943 -0.7042
vn 0.1887 -0.0537 -0.9806
vn 0.3702 -0.1053 0.9229
vn -0.8017 0.2280 -0.5524
vn 0.5369 -0.1528 0.8296
vn -0.8896 0.2530 -0.3800
vn 0.8869 -0.2621 -0.3804
vn 0.7990 -0.2361 -0.5529
vn 0.8010 -0.2526 -0.5427
vn 0.8864 -0.2763 -0.3715
vn -0.7992 0.2360 0.5527
vn -0.8870 0.2619 0.3802
vn 0.9408 -0.2781 -0.1938
vn -0.6807 0.2010 0.7044
vn -0.5356 0.1582 0.8295
vn -0.3695 0.1091 0.9228
vn -0.1887 0.0557 -0.9804
vn -0.0003 0.0000 -1.0000
vn 0.6804 -0.2011 -0.7047
vn -0.1887 0.0557 0.9804
vn -0.3695 0.1091 -0.9228
vn 0.5352 -0.1582 -0.8298
vn -0.0003 0.0000 1.0000
vn -0.5356 0.1582 -0.8295
vn 0.3690 -0.1090 -0.9230
vn 0.1881 -0.0556 0.9806
vn -0.6807 0.2010 -0.7044
vn 0.1881 -0.0556 -0.9806
vn 0.3690 -0.1090 0.9230
vn -0.7992 0.2360 -0.5527
vn 0.5352 -0.1582 0.8298
vn -0.8870 0.2619 -0.3802
vn 0.6804 -0.2011 0.7047
vn -0.9409 0.2779 -0.1937
vn 0.7990 -0.2361 0.5529
vn -0.9590 0.2832 0.0000
vn 0.8869 -0.2621 0.3804
vn -0.9409 0.2779 0.1937
vn 0.5392 -0.1755 -0.8237
vn 0.3716 -0.1231 -0.9202
vn 0.3202 -0.2047 -0.9250
vn 0.4767 -0.2920 -0.8291
vn -0.3710 0.1311 0.9193
vn -0.5340 0.1908 0.8236
vn -0.1913 0.0667 -0.9792
vn -0.0021 0.0008 -1.0000
vn 0.6841 -0.2189 -0.6957
vn -0.1913 0.0667 0.9792
vn -0.3710 0.1311 -0.9193
vn -0.0021 0.0008 1.0000
vn -0.5340 0.1908 -0.8236
vn 0.1884 -0.0635 0.9800
vn -0.6745 0.2432 -0.6970
vn 0.1884 -0.0635 -0.9800
vn 0.3716 -0.1231 0.9202
vn -0.7880 0.2860 -0.5452
vn 0.5392 -0.1755 0.8237
vn -0.8712 0.3178 -0.3741
vn 0.6841 -0.2189 0.6957
vn -0.9220 0.3372 -0.1903
vn 0.8010 -0.2526 0.5427
vn -0.9390 0.3438 0.0000
vn 0.8864 -0.2763 0.3715
vn -0.9220 0.3372 0.1903
vn 0.9382 -0.2902 0.1885
vn -0.8712 0.3178 0.3741
vn 0.9555 -0.2949 0.0000
vn -0.7880 0.2860 0.5452
vn 0.9382 -0.2902 -0.1885
vn -0.6745 0.2432 0.6970
vn 0.4767 -0.2920 0.8291
vn 0.6157 -0.3621 0.6998
vn 0.2771 -0.6192 0.7347
vn 0.2078 -0.4791 0.8528
vn 0.1542 -0.1038 0.9825
vn -0.0133 0.0057 0.9999
vn -0.5794 0.4234 -0.6965
vn -0.4628 0.3321 -0.8219
vn 0.1542 -0.1038 -0.9825
vn 0.3202 -0.2047 0.9250
vn -0.6734 0.4987 -0.5457
vn -0.0133 0.0057 -0.9999
vn -0.7424 0.5550 -0.3751
vn -0.7846 0.5898 -0.1910
vn 0.7299 -0.4134 0.5443
vn -0.7988 0.6016 0.0000
vn 0.8140 -0.4469 0.3710
vn -0.7846 0.5898 0.1910
vn 0.8650 -0.4652 0.1877
vn -0.7424 0.5550 0.3751
vn 0.8821 -0.4710 0.0000
vn -0.6734 0.4987 0.5457
vn 0.8650 -0.4652 -0.1877
vn -0.5794 0.4234 0.6965
vn 0.8140 -0.4469 -0.3710
vn -0.4628 0.3321 0.8218
vn 0.7299 -0.4134 -0.5443
vn -0.3270 0.2289 0.9169
vn -0.1756 0.1185 -0.9773
vn 0.6157 -0.3621 -0.6998
vn -0.1756 0.1185 0.9773
vn -0.3270 0.2289 -0.9169
vn 0.3894 -0.8259 0.4078
vn 0.4222 -0.8819 0.2096
vn 0.0259 -0.9843 0.1747
vn 0.0160 -0.9374 0.3478
vn -0.3382 0.9203 -0.1967
vn -0.3191 0.8659 -0.3851
vn 0.3393 -0.7366 0.5850
vn -0.3446 0.9387 0.0000
vn -0.3382 0.9203 0.1967
vn -0.3191 0.8659 0.3851
vn 0.4337 -0.9011 0.0000
vn -0.2884 0.7785 0.5575
vn 0.4222 -0.8819 -0.2096
vn -0.2472 0.6622 0.7074
vn 0.3894 -0.8259 -0.4078
vn -0.1970 0.5223 0.8296
vn 0.3393 -0.7366 -0.5850
vn -0.1395 0.3648 0.9206
vn -0.0762 0.1956 -0.9777
vn -0.0083 0.0209 -0.9997
vn 0.2771 -0.6192 -0.7347
vn -0.0762 0.1956 0.9777
vn -0.1395 0.3648 -0.9206
vn 0.2078 -0.4791 -0.8528
vn -0.0083 0.0209 0.9997
vn -0.1970 0.5223 -0.8296
vn 0.1353 -0.3221 -0.9369
vn 0.0627 -0.1535 0.9861
vn -0.2472 0.6622 -0.7074
vn 0.0627 -0.1535 -0.9861
vn 0.1353 -0.3221 0.9369
vn -0.2884 0.7785 -0.5575
vn 0.0259 -0.9843 -0.1747
vn 0.0160 -0.9374 -0.3478
vn -0.5098 -0.7443 -0.4314
vn -0.3587 -0.5766 -0.7340
vn 0.1045 0.9268 0.3607
vn 0.1111 0.9768 0.1827
vn 0.0295 -0.9995 0.0000
vn 0.0937 0.8437 0.5286
vn 0.0789 0.7283 0.6807
vn 0.0608 0.5823 0.8107
vn 0.0027 -0.8567 -0.5158
vn 0.0406 0.4089 0.9116
vn 0.0200 0.2139 -0.9766
vn 0.0014 0.0053 -1.0000
vn -0.0100 -0.7403 -0.6722
vn 0.0200 0.2139 0.9766
vn 0.0406 0.4089 -0.9116
vn -0.0183 -0.5891 -0.8078
vn 0.0014 0.0053 1.0000
vn 0.0608 0.5823 -0.8107
vn -0.0194 -0.4081 -0.9127
vn -0.0124 -0.2060 0.9785
vn 0.0789 0.7283 -0.6807
vn -0.0124 -0.2060 -0.9785
vn -0.0194 -0.4081 0.9127
vn 0.0937 0.8437 -0.5286
vn -0.0183 -0.5891 0.8078
vn 0.1045 0.9268 -0.3607
vn -0.0100 -0.7403 0.6722
vn 0.1111 0.9768 -0.1827
vn 0.0027 -0.8567 0.5158
vn 0.1133 0.9936 0.0000
vn 0.1308 0.1696 -0.9768
vn 0.2454 0.3041 -0.9205
vn 0.3783 0.1126 -0.9188
vn 0.1957 0.0582 -0.9789
vn 0.3552 0.4278 0.8311
vn 0.4552 0.5369 0.7103
vn -0.4533 -0.6500 -0.6099
vn 0.2454 0.3041 0.9205
vn 0.0158 0.0281 -0.9995
vn -0.3810 -0.5333 -0.7552
vn 0.1308 0.1696 0.9768
vn -0.2960 -0.4018 -0.8665
vn 0.0158 0.0281 0.9995
vn 0.3552 0.4278 -0.8311
vn -0.2002 -0.2615 -0.9442
vn -0.0955 -0.1168 0.9885
vn 0.4552 0.5369 -0.7103
vn -0.0955 -0.1168 -0.9885
vn -0.2002 -0.2615 0.9442
vn 0.5400 0.6273 -0.5611
vn -0.2960 -0.4018 0.8665
vn 0.6048 0.6952 -0.3884
vn -0.3810 -0.5333 0.7552
vn 0.6456 0.7374 -0.1986
vn -0.4533 -0.6500 0.6099
vn 0.6595 0.7517 0.0000
vn -0.5099 -0.7443 0.4313
vn 0.6456 0.7374 0.1986
vn -0.5467 -0.8067 0.2243
vn 0.6048 0.6952 0.3884
vn -0.4107 -0.6489 0.6405
vn 0.5400 0.6273 0.5611
vn 0.6879 0.2051 -0.6962
vn 0.8038 0.2397 -0.5444
vn 0.8310 0.0687 -0.5520
vn 0.7085 0.0596 -0.7032
vn -0.5426 -0.1569 -0.8252
vn -0.6886 -0.1979 -0.6977
vn 0.0038 0.0015 1.0000
vn 0.1957 0.0582 0.9789
vn 0.5445 0.1622 -0.8229
vn -0.3736 -0.1086 -0.9212
vn -0.1888 -0.0550 0.9805
vn -0.1888 -0.0550 -0.9805
vn -0.3736 -0.1086 0.9212
vn 0.0038 0.0015 -1.0000
vn -0.5426 -0.1569 0.8252
vn 0.8889 0.2651 -0.3735
vn -0.6885 -0.1979 0.6977
vn 0.9408 0.2806 -0.1899
vn -0.8064 -0.2303 0.5447
vn 0.9583 0.2858 0.0000
vn -0.8924 -0.2537 0.3731
vn 0.9408 0.2806 0.1899
vn -0.9447 -0.2676 0.1895
vn 0.8889 0.2651 0.3735
vn -0.6545 -0.1852 0.7330
vn 0.8038 0.2397 0.5444
vn -0.8440 -0.3158 -0.4334
vn -0.8851 -0.3637 0.2902
vn -0.7093 -0.4597 0.5343
vn -0.6351 -0.5041 -0.5852
vn 0.6879 0.2051 0.6962
vn -0.8924 -0.2537 -0.3731
vn -0.5842 -0.1659 -0.7944
vn 0.5445 0.1622 0.8229
vn -0.8064 -0.2303 -0.5447
vn 0.3783 0.1126 0.9188
vn 0.9778 0.0791 -0.1936
vn 0.9967 0.0804 0.0000
vn 0.6983 -0.7158 0.0000
vn 0.6843 -0.7152 -0.1420
vn 0.0081 0.0017 -0.9999
vn -0.1863 -0.0163 -0.9824
vn -0.5471 -0.0523 0.8354
vn -0.3738 -0.0346 0.9268
vn 0.9219 0.0752 -0.3800
vn -0.6994 -0.0684 0.7114
vn -0.8247 -0.0821 0.5596
vn -0.9179 -0.0926 0.3858
vn 0.9778 0.0791 0.1936
vn -0.9754 -0.0992 0.1968
vn 0.9219 0.0752 0.3800
vn 0.8310 0.0687 0.5520
vn -0.4639 0.6501 -0.6017
vn -0.5161 0.6295 0.5808
vn 0.7084 0.0596 0.7032
vn -0.9179 -0.0926 -0.3858
vn 0.5589 0.0482 0.8278
vn -0.8247 -0.0821 -0.5596
vn 0.3880 0.0345 0.9210
vn 0.2020 0.0189 -0.9792
vn -0.6994 -0.0684 -0.7114
vn 0.2020 0.0189 0.9792
vn 0.3880 0.0345 -0.9210
vn -0.5471 -0.0523 -0.8354
vn 0.0081 0.0017 0.9999
vn 0.5589 0.0482 -0.8278
vn -0.3738 -0.0346 -0.9268
vn -0.1863 -0.0163 0.9824
vn 0.1129 -0.6911 -0.7139
vn 0.2493 -0.6968 -0.6725
vn 0.3751 -0.7021 -0.6052
vn 0.4853 -0.7068 -0.5147
vn 0.5757 -0.7106 -0.4044
vn 0.6429 -0.7135 -0.2785
vn 0.6843 -0.7152 0.1420
vn 0.6429 -0.7135 0.2785
vn 0.5757 -0.7106 0.4044
vn 0.4853 -0.7068 0.5147
vn 0.3751 -0.7021 0.6052
vn 0.2493 -0.6968 0.6725
vn 0.1129 -0.6911 0.7139
vn -0.0289 -0.6851 0.7279
vn -0.1708 -0.6791 0.7139
vn -0.3072 -0.6733 0.6725
vn -0.4330 -0.6680 0.6052
vn -0.5432 -0.6634 0.5147
vn -0.6336 -0.6595 0.4044
vn -0.7008 -0.6567 0.2785
vn -0.7422 -0.6549 0.1420
vn -0.7562 -0.6543 0.0000
vn -0.7422 -0.6549 -0.1420
vn -0.7008 -0.6567 -0.2785
vn -0.6336 -0.6595 -0.4044
vn -0.5432 -0.6633 -0.5147
vn -0.4330 -0.6680 -0.6052
vn -0.3072 -0.6733 -0.6725
vn -0.1708 -0.6791 -0.7139
vn -0.0289 -0.6851 -0.7279
vn -0.6359 0.1937 -0.7470
vn -0.7011 0.2134 0.6804
usemtl Material
s 1
f 592/703/613 591/704/614 622/705/615 621/706/616 620/707/617 619/708/618 618/709/619 617/710/620 616/711/621 615/712/622 614/713/623 613/714/624 612/715/625 611/716/626 610/717/627 609/718/628 608/719/629 607/720/630 606/721/631 605/722/632 604/723/633 603/724/634 602/725/635 601/726/636 600/727/637 599/728/638 598/729/639 597/730/640 596/731/641 595/732/642 594/733/643 593/734/644
f 643/735/645 644/736/646 676/737/647 675/738/648
f 603/724/634 604/723/633 636/739/649 635/740/650
f 617/710/620 618/709/619 650/741/651 649/742/652
f 604/723/633 605/722/632 637/743/653 636/739/649
f 591/704/614 592/703/613 623/744/654 624/745/655
f 618/709/619 619/708/618 651/746/656 650/741/651
f 605/722/632 606/721/631 638/747/657 637/743/653
f 592/703/613 593/734/644 625/748/658 623/744/654
f 619/708/618 620/707/617 652/749/659 651/746/656
f 606/721/631 607/720/630 639/750/660 638/747/657
f 593/734/644 594/733/643 626/751/661 625/748/658
f 620/707/617 621/706/616 653/752/662 652/749/659
f 607/720/630 608/719/629 640/753/663 639/750/660
f 594/733/643 595/732/642 627/754/664 626/751/661
f 621/706/616 622/705/615 654/755/665 653/752/662
f 608/719/629 609/718/628 641/756/666 640/753/663
f 595/732/642 596/731/641 628/757/667 627/754/664
f 622/705/615 591/704/614 624/745/655 654/755/665
f 609/718/628 610/717/627 642/758/668 641/756/666
f 596/731/641 597/730/640 629/759/669 628/757/667
f 610/717/627 611/716/626 643/735/645 642/758/668
f 597/730/640 598/729/639 630/760/670 629/759/669
f 611/716/626 612/715/625 644/736/646 643/735/645
f 598/729/639 599/728/638 631/761/671 630/760/670
f 612/715/625 613/714/624 645/762/672 644/736/646
f 599/728/638 600/727/637 632/763/673 631/761/671
f 613/714/624 614/713/623 646/764/674 645/762/672
f 600/727/637 601/726/636 633/765/675 632/763/673
f 614/713/623 615/712/622 647/766/676 646/764/674
f 601/726/636 602/725/635 634/767/677 633/765/675
f 615/712/622 616/711/621 648/768/678 647/766/676
f 602/725/635 603/724/634 635/740/650 634/767/677
f 616/711/621 617/710/620 649/742/652 648/768/678
f 678/769/679 679/770/680 711/771/681 710/772/682
f 630/760/670 631/761/671 663/773/683 662/774/684
f 644/736/646 645/762/672 677/775/685 676/737/647
f 631/761/671 632/763/673 664/776/686 663/773/683
f 645/762/672 646/764/674 678/769/679 677/775/685
f 632/763/673 633/765/675 665/777/687 664/776/686
f 646/764/674 647/766/676 679/770/680 678/769/679
f 633/765/675 634/767/677 666/778/688 665/777/687
f 647/766/676 648/768/678 680/779/689 679/770/680
f 634/767/677 635/740/650 667/780/690 666/778/688
f 648/768/678 649/742/652 681/781/691 680/779/689
f 635/740/650 636/739/649 668/782/692 667/780/690
f 649/742/652 650/741/651 682/783/693 681/781/691
f 636/739/649 637/743/653 669/784/694 668/782/692
f 624/745/655 623/744/654 655/785/695 656/786/696
f 650/741/651 651/746/656 683/787/697 682/783/693
f 637/743/653 638/747/657 670/788/698 669/784/694
f 623/744/654 625/748/658 657/789/699 655/785/695
f 651/746/656 652/749/659 684/790/700 683/787/697
f 638/747/657 639/750/660 671/791/701 670/788/698
f 625/748/658 626/751/661 658/792/702 657/789/699
f 652/749/659 653/752/662 685/793/703 684/790/700
f 639/750/660 640/753/663 672/794/704 671/791/701
f 626/751/661 627/754/664 659/795/705 658/792/702
f 653/752/662 654/755/665 686/796/706 685/793/703
f 640/753/663 641/756/666 673/797/707 672/794/704
f 627/754/664 628/757/667 660/798/708 659/795/705
f 654/755/665 624/745/655 656/786/696 686/796/706
f 641/756/666 642/758/668 674/799/709 673/797/707
f 628/757/667 629/759/669 661/800/710 660/798/708
f 642/758/668 643/735/645 675/738/648 674/799/709
f 629/759/669 630/760/670 662/774/684 661/800/710
f 713/801/711 714/802/712 746/803/713 745/804/714
f 665/777/687 666/778/688 698/805/715 697/806/716
f 679/770/680 680/779/689 712/807/717 711/771/681
f 666/778/688 667/780/690 699/808/718 698/805/715
f 680/779/689 681/781/691 713/801/711 712/807/717
f 667/780/690 668/782/692 700/809/719 699/808/718
f 681/781/691 682/783/693 714/802/712 713/801/711
f 668/782/692 669/784/694 701/810/720 700/809/719
f 656/786/696 655/785/695 687/811/721 688/812/722
f 682/783/693 683/787/697 715/813/723 714/802/712
f 669/784/694 670/788/698 702/814/724 701/810/720
f 655/785/695 657/789/699 689/815/725 687/811/721
f 683/787/697 684/790/700 716/816/726 715/813/723
f 670/788/698 671/791/701 703/817/727 702/814/724
f 657/789/699 658/792/702 690/818/728 689/815/725
f 684/790/700 685/793/703 717/819/729 716/816/726
f 671/791/701 672/794/704 704/820/730 703/817/727
f 658/792/702 659/795/705 691/821/731 690/818/728
f 685/793/703 686/796/706 718/822/732 717/819/729
f 672/794/704 673/797/707 705/823/733 704/820/730
f 659/795/705 660/798/708 692/824/734 691/821/731
f 686/796/706 656/786/696 688/812/722 718/822/732
f 673/797/707 674/799/709 706/825/735 705/823/733
f 660/798/708 661/800/710 693/826/736 692/824/734
f 674/799/709 675/738/648 707/827/737 706/825/735
f 661/800/710 662/774/684 694/828/738 693/826/736
f 675/738/648 676/737/647 708/829/739 707/827/737
f 662/774/684 663/773/683 695/830/740 694/828/738
f 676/737/647 677/775/685 709/831/741 708/829/739
f 663/773/683 664/776/686 696/832/742 695/830/740
f 677/775/685 678/769/679 710/772/682 709/831/741
f 664/776/686 665/777/687 697/806/716 696/832/742
f 748/833/743 749/834/744 781/835/745 780/836/746
f 700/809/719 701/810/720 733/837/747 732/838/748
f 688/812/722 687/811/721 719/839/749 720/840/750
f 714/802/712 715/813/723 747/841/751 746/803/713
f 701/810/720 702/814/724 734/842/752 733/837/747
f 687/811/721 689/815/725 721/843/753 719/839/749
f 715/813/723 716/816/726 748/833/743 747/841/751
f 702/814/724 703/817/727 735/844/754 734/842/752
f 689/815/725 690/818/728 722/845/755 721/843/753
f 716/816/726 717/819/729 749/834/744 748/833/743
f 703/817/727 704/820/730 736/846/756 735/844/754
f 690/818/728 691/821/731 723/847/757 722/845/755
f 717/819/729 718/822/732 750/848/758 749/834/744
f 704/820/730 705/823/733 737/849/759 736/846/756
f 691/821/731 692/824/734 724/850/760 723/847/757
f 718/822/732 688/812/722 720/840/750 750/848/758
f 705/823/733 706/825/735 738/851/761 737/849/759
f 692/824/734 693/826/736 725/852/762 724/850/760
f 706/825/735 707/827/737 739/853/763 738/851/761
f 693/826/736 694/828/738 726/854/764 725/852/762
f 707/827/737 708/829/739 740/855/765 739/853/763
f 694/828/738 695/830/740 727/856/766 726/854/764
f 708/829/739 709/831/741 741/857/767 740/855/765
f 695/830/740 696/832/742 728/858/768 727/856/766
f 709/831/741 710/772/682 742/859/769 741/857/767
f 696/832/742 697/806/716 729/860/770 728/858/768
f 710/772/682 711/771/681 743/861/771 742/859/769
f 697/806/716 698/805/715 730/862/772 729/860/770
f 711/771/681 712/807/717 744/863/773 743/861/771
f 698/805/715 699/808/718 731/864/774 730/862/772
f 712/807/717 713/801/711 745/804/714 744/863/773
f 699/808/718 700/809/719 732/838/748 731/864/774
f 770/865/775 771/866/776 803/867/777 802/868/778
f 735/844/754 736/846/756 768/869/779 767/870/780
f 722/845/755 723/847/757 755/871/781 754/872/782
f 749/834/744 750/848/758 782/873/783 781/835/745
f 736/846/756 737/849/759 769/874/784 768/869/779
f 723/847/757 724/850/760 756/875/785 755/871/781
f 750/848/758 720/840/750 752/876/786 782/873/783
f 737/849/759 738/851/761 770/865/775 769/874/784
f 724/850/760 725/852/762 757/877/787 756/875/785
f 738/851/761 739/853/763 771/866/776 770/865/775
f 725/852/762 726/854/764 758/878/788 757/877/787
f 739/853/763 740/855/765 772/879/789 771/866/776
f 726/854/764 727/856/766 759/880/790 758/878/788
f 740/855/765 741/857/767 773/881/791 772/879/789
f 727/856/766 728/858/768 760/882/792 759/880/790
f 741/857/767 742/859/769 774/883/793 773/881/791
f 728/858/768 729/860/770 761/884/794 760/882/792
f 742/859/769 743/861/771 775/885/795 774/883/793
f 729/860/770 730/862/772 762/886/796 761/884/794
f 743/861/771 744/863/773 776/887/797 775/885/795
f 730/862/772 731/864/774 763/888/798 762/886/796
f 744/863/773 745/804/714 777/889/799 776/887/797
f 731/864/774 732/838/748 764/890/800 763/888/798
f 745/804/714 746/803/713 778/891/801 777/889/799
f 732/838/748 733/837/747 765/892/802 764/890/800
f 720/840/750 719/839/749 751/893/803 752/876/786
f 746/803/713 747/841/751 779/894/804 778/891/801
f 733/837/747 734/842/752 766/895/805 765/892/802
f 719/839/749 721/843/753 753/896/806 751/893/803
f 747/841/751 748/833/743 780/836/746 779/894/804
f 734/842/752 735/844/754 767/870/780 766/895/805
f 721/843/753 722/845/755 754/872/782 753/896/806
f 805/897/807 806/898/808 838/899/809 837/900/810
f 757/877/787 758/878/788 790/901/811 789/902/812
f 771/866/776 772/879/789 804/903/813 803/867/777
f 758/878/788 759/880/790 791/904/814 790/901/811
f 772/879/789 773/881/791 805/897/807 804/903/813
f 759/880/790 760/882/792 792/905/815 791/904/814
f 773/881/791 774/883/793 806/898/808 805/897/807
f 760/882/792 761/884/794 793/906/816 792/905/815
f 774/883/793 775/885/795 807/907/817 806/898/808
f 761/884/794 762/886/796 794/908/818 793/906/816
f 775/885/795 776/887/797 808/909/819 807/907/817
f 762/886/796 763/888/798 795/910/820 794/908/818
f 776/887/797 777/889/799 809/911/821 808/909/819
f 763/888/798 764/890/800 796/912/822 795/910/820
f 777/889/799 778/891/801 810/913/823 809/911/821
f 764/890/800 765/892/802 797/914/824 796/912/822
f 752/876/786 751/893/803 783/915/825 784/916/826
f 778/891/801 779/894/804 811/917/827 810/913/823
f 765/892/802 766/895/805 798/918/828 797/914/824
f 751/893/803 753/896/806 785/919/829 783/915/825
f 779/894/804 780/836/746 812/920/830 811/917/827
f 766/895/805 767/870/780 799/921/831 798/918/828
f 753/896/806 754/872/782 786/922/832 785/919/829
f 780/836/746 781/835/745 813/923/833 812/920/830
f 767/870/780 768/869/779 800/924/834 799/921/831
f 754/872/782 755/871/781 787/925/835 786/922/832
f 781/835/745 782/873/783 814/926/836 813/923/833
f 768/869/779 769/874/784 801/927/837 800/924/834
f 755/871/781 756/875/785 788/928/838 787/925/835
f 782/873/783 752/876/786 784/916/826 814/926/836
f 769/874/784 770/865/775 802/868/778 801/927/837
f 756/875/785 757/877/787 789/902/812 788/928/838
f 840/929/839 841/930/840 873/931/841 872/932/842
f 792/905/815 793/906/816 825/933/843 824/934/844
f 806/898/808 807/907/817 839/935/845 838/899/809
f 793/906/816 794/908/818 826/936/846 825/933/843
f 807/907/817 808/909/819 840/929/839 839/935/845
f 794/908/818 795/910/820 827/937/847 826/936/846
f 808/909/819 809/911/821 841/930/840 840/929/839
f 795/910/820 796/912/822 828/938/848 827/937/847
f 809/911/821 810/913/823 842/939/849 841/930/840
f 796/912/822 797/914/824 829/940/850 828/938/848
f 784/916/826 783/915/825 815/941/851 816/942/852
f 810/913/823 811/917/827 843/943/853 842/939/849
f 797/914/824 798/918/828 830/944/854 829/940/850
f 783/915/825 785/919/829 817/945/855 815/941/851
f 811/917/827 812/920/830 844/946/856 843/943/853
f 798/918/828 799/921/831 831/947/857 830/944/854
f 785/919/829 786/922/832 818/948/858 817/945/855
f 812/920/830 813/923/833 845/949/859 844/946/856
f 799/921/831 800/924/834 832/950/860 831/947/857
f 786/922/832 787/925/835 819/951/861 818/948/858
f 813/923/833 814/926/836 846/952/862 845/949/859
f 800/924/834 801/927/837 833/953/863 832/950/860
f 787/925/835 788/928/838 820/954/864 819/951/861
f 814/926/836 784/916/826 816/942/852 846/952/862
f 801/927/837 802/868/778 834/955/865 833/953/863
f 788/928/838 789/902/812 821/956/866 820/954/864
f 802/868/778 803/867/777 835/957/867 834/955/865
f 789/902/812 790/901/811 822/958/868 821/956/866
f 803/867/777 804/903/813 836/959/869 835/957/867
f 790/901/811 791/904/814 823/960/870 822/958/868
f 804/903/813 805/897/807 837/900/810 836/959/869
f 791/904/814 792/905/815 824/934/844 823/960/870
f 847/961/871 849/962/872 881/963/873 879/964/874
f 827/937/847 828/938/848 860/965/875 859/966/876
f 841/930/840 842/939/849 874/967/877 873/931/841
f 828/938/848 829/940/850 861/968/878 860/965/875
f 816/942/852 815/941/851 847/961/871 848/969/879
f 842/939/849 843/943/853 875/970/880 874/967/877
f 829/940/850 830/944/854 862/971/881 861/968/878
f 815/941/851 817/945/855 849/962/872 847/961/871
f 843/943/853 844/946/856 876/972/882 875/970/880
f 830/944/854 831/947/857 863/973/883 862/971/881
f 817/945/855 818/948/858 850/974/884 849/962/872
f 844/946/856 845/949/859 877/975/885 876/972/882
f 831/947/857 832/950/860 864/976/886 863/973/883
f 818/948/858 819/951/861 851/977/887 850/974/884
f 845/949/859 846/952/862 878/978/888 877/975/885
f 832/950/860 833/953/863 865/979/889 864/976/886
f 819/951/861 820/954/864 852/980/890 851/977/887
f 846/952/862 816/942/852 848/969/879 878/978/888
f 833/953/863 834/955/865 866/981/891 865/979/889
f 820/954/864 821/956/866 853/982/892 852/980/890
f 834/955/865 835/957/867 867/983/893 866/981/891
f 821/956/866 822/958/868 854/984/894 853/982/892
f 835/957/867 836/959/869 868/985/895 867/983/893
f 822/958/868 823/960/870 855/986/896 854/984/894
f 836/959/869 837/900/810 869/987/897 868/985/895
f 823/960/870 824/934/844 856/988/898 855/986/896
f 837/900/810 838/899/809 870/989/899 869/987/897
f 824/934/844 825/933/843 857/990/900 856/988/898
f 838/899/809 839/935/845 871/991/901 870/989/899
f 825/933/843 826/936/846 858/992/902 857/990/900
f 839/935/845 840/929/839 872/932/842 871/991/901
f 826/936/846 827/937/847 859/966/876 858/992/902
f 883/993/903 884/994/904 916/995/905 915/996/906
f 875/970/880 876/972/882 908/997/907 907/998/908
f 862/971/881 863/973/883 895/999/909 894/1000/910
f 849/962/872 850/974/884 882/1001/911 881/963/873
f 876/972/882 877/975/885 909/1002/912 908/997/907
f 863/973/883 864/976/886 896/1003/913 895/999/909
f 850/974/884 851/977/887 883/993/903 882/1001/911
f 877/975/885 878/978/888 910/1004/914 909/1002/912
f 864/976/886 865/979/889 897/1005/915 896/1003/913
f 851/977/887 852/980/890 884/994/904 883/993/903
f 878/978/888 848/969/879 880/1006/916 910/1004/914
f 865/979/889 866/981/891 898/1007/917 897/1005/915
f 852/980/890 853/982/892 885/1008/918 884/994/904
f 866/981/891 867/983/893 899/1009/919 898/1007/917
f 853/982/892 854/984/894 886/1010/920 885/1008/918
f 867/983/893 868/985/895 900/1011/921 899/1009/919
f 854/984/894 855/986/896 887/1012/922 886/1010/920
f 868/985/895 869/987/897 901/1013/923 900/1011/921
f 855/986/896 856/988/898 888/1014/924 887/1012/922
f 869/987/897 870/989/899 902/1015/925 901/1013/923
f 856/988/898 857/990/900 889/1016/926 888/1014/924
f 870/989/899 871/991/901 903/1017/927 902/1015/925
f 857/990/900 858/992/902 890/1018/928 889/1016/926
f 936/1019/929 935/1020/930 980/1021/931 979/1022/932
f 858/992/902 859/966/876 891/1023/933 890/1018/928
f 872/932/842 873/931/841 905/1024/934 904/1025/935
f 859/966/876 860/965/875 892/1026/936 891/1023/933
f 873/931/841 874/967/877 906/1027/937 905/1024/934
f 860/965/875 861/968/878 893/1028/938 892/1026/936
f 848/969/879 847/961/871 879/964/874 880/1006/916
f 874/967/877 875/970/880 907/998/908 906/1027/937
f 861/968/878 862/971/881 894/1000/910 893/1028/938
f 918/1029/939 919/1030/940 951/1031/941 950/1032/942
f 910/1004/914 880/1006/916 912/1033/943 942/1034/944
f 897/1005/915 898/1007/917 930/1035/945 929/1036/946
f 884/994/904 885/1008/918 917/1037/947 916/995/905
f 898/1007/917 899/1009/919 931/1038/948 930/1035/945
f 885/1008/918 886/1010/920 918/1029/939 917/1037/947
f 899/1009/919 900/1011/921 932/1039/949 931/1038/948
f 886/1010/920 887/1012/922 919/1030/940 918/1029/939
f 900/1011/921 901/1013/923 933/1040/950 932/1039/949
f 887/1012/922 888/1014/924 920/1041/951 919/1030/940
f 901/1013/923 902/1015/925 934/1042/952 933/1040/950
f 888/1014/924 889/1016/926 921/1043/953 920/1041/951
f 902/1015/925 903/1017/927 935/1020/930 934/1042/952
f 889/1016/926 890/1018/928 922/1044/954 921/1043/953
f 871/991/901 872/932/842 975/1045/955 976/1046/956
f 890/1018/928 891/1023/933 923/1047/957 922/1044/954
f 904/1025/935 905/1024/934 937/1048/958 936/1019/929
f 891/1023/933 892/1026/936 924/1049/959 923/1047/957
f 905/1024/934 906/1027/937 938/1050/960 937/1048/958
f 892/1026/936 893/1028/938 925/1051/961 924/1049/959
f 880/1006/916 879/964/874 911/1052/962 912/1033/943
f 906/1027/937 907/998/908 939/1053/963 938/1050/960
f 893/1028/938 894/1000/910 926/1054/964 925/1051/961
f 879/964/874 881/963/873 913/1055/965 911/1052/962
f 907/998/908 908/997/907 940/1056/966 939/1053/963
f 894/1000/910 895/999/909 927/1057/967 926/1054/964
f 881/963/873 882/1001/911 914/1058/968 913/1055/965
f 908/997/907 909/1002/912 941/1059/969 940/1056/966
f 895/999/909 896/1003/913 928/1060/970 927/1057/967
f 882/1001/911 883/993/903 915/996/906 914/1058/968
f 909/1002/912 910/1004/914 942/1034/944 941/1059/969
f 896/1003/913 897/1005/915 929/1036/946 928/1060/970
f 943/1061/971 945/1062/972 946/1063/973 947/1064/974 948/1065/975 949/1066/976 950/1032/942 951/1031/941 952/1067/977 953/1068/978 954/1069/979 955/1070/980 956/1071/981 957/1072/982 958/1073/983 959/1074/984 960/1075/985 961/1076/986 962/1077/987 963/1078/988 964/1079/989 965/1080/990 966/1081/991 967/1082/992 968/1083/993 969/1084/994 970/1085/995 971/1086/996 972/1087/997 973/1088/998 974/1089/999 944/1090/1000
f 932/1039/949 933/1040/950 965/1080/990 964/1079/989
f 919/1030/940 920/1041/951 952/1067/977 951/1031/941
f 933/1040/950 934/1042/952 966/1081/991 965/1080/990
f 920/1041/951 921/1043/953 953/1068/978 952/1067/977
f 934/1042/952 935/1020/930 967/1082/992 966/1081/991
f 921/1043/953 922/1044/954 954/1069/979 953/1068/978
f 935/1020/930 936/1019/929 968/1083/993 967/1082/992
f 922/1044/954 923/1047/957 955/1070/980 954/1069/979
f 936/1019/929 937/1048/958 969/1084/994 968/1083/993
f 923/1047/957 924/1049/959 956/1071/981 955/1070/980
f 937/1048/958 938/1050/960 970/1085/995 969/1084/994
f 924/1049/959 925/1051/961 957/1072/982 956/1071/981
f 912/1033/943 911/1052/962 943/1061/971 944/1090/1000
f 938/1050/960 939/1053/963 971/1086/996 970/1085/995
f 925/1051/961 926/1054/964 958/1073/983 957/1072/982
f 911/1052/962 913/1055/965 945/1062/972 943/1061/971
f 939/1053/963 940/1056/966 972/1087/997 971/1086/996
f 926/1054/964 927/1057/967 959/1074/984 958/1073/983
f 913/1055/965 914/1058/968 946/1063/973 945/1062/972
f 940/1056/966 941/1059/969 973/1088/998 972/1087/997
f 927/1057/967 928/1060/970 960/1075/985 959/1074/984
f 914/1058/968 915/996/906 947/1064/974 946/1063/973
f 941/1059/969 942/1034/944 974/1089/999 973/1088/998
f 928/1060/970 929/1036/946 961/1076/986 960/1075/985
f 915/996/906 916/995/905 948/1065/975 947/1064/974
f 942/1034/944 912/1033/943 944/1090/1000 974/1089/999
f 929/1036/946 930/1035/945 962/1077/987 961/1076/986
f 916/995/905 917/1037/947 949/1066/976 948/1065/975
f 930/1035/945 931/1038/948 963/1078/988 962/1077/987
f 917/1037/947 918/1029/939 950/1032/942 949/1066/976
f 931/1038/948 932/1039/949 964/1079/989 963/1078/988
f 976/1046/956 975/1045/955 977/1091/1001 978/1092/1002
f 978/1092/1002 977/1091/1001 979/1022/932 980/1021/931
f 904/1025/935 936/1019/929 979/1022/932 977/1091/1001
f 872/932/842 904/1025/935 977/1091/1001 975/1045/955
f 935/1020/930 903/1017/927 978/1092/1002 980/1021/931
f 903/1017/927 871/991/901 976/1046/956 978/1092/1002
o chair_skeleton_Cube
v 1.000000 1.000000 -0.750000
v 1.000000 1.000000 -0.625000
v 1.000000 1.000000 -0.500000
v 1.000000 1.000000 -0.375000
v 1.000000 1.000000 -0.250000
v 1.000000 1.000000 -0.125000
v 1.000000 1.000000 0.000000
v 1.000000 1.000000 0.125000
v 1.000000 1.000000 0.250000
v 1.000000 1.000000 0.375000
v 1.000000 1.000000 0.500000
v 1.000000 1.000000 0.625000
v 1.000000 1.000000 0.750000
v -1.000000 1.000000 0.750000
v -1.000000 1.000000 0.625000
v -1.000000 1.000000 0.500000
v -1.000000 1.000000 0.375000
v -1.000000 1.000000 0.250000
v -1.000000 1.000000 0.125000
v -1.000000 1.000000 0.000000
v -1.000000 1.000000 -0.125000
v -1.000000 1.000000 -0.250000
v -1.000000 1.000000 -0.375000
v -1.000000 1.000000 -0.500000
v -1.000000 1.000000 -0.625000
v -1.000000 1.000000 -0.750000
v 0.750000 1.000000 1.000000
v 0.625000 1.000000 1.000000
v 0.500000 1.000000 1.000000
v 0.375000 1.000000 1.000000
v 0.250000 1.000000 1.000000
v 0.125000 1.000000 1.000000
v 0.000000 1.000000 1.000000
v -0.125000 1.000000 1.000000
v -0.250000 1.000000 1.000000
v -0.375000 1.000000 1.000000
v -0.500000 1.000000 1.000000
v -0.625000 1.000000 1.000000
v -0.750000 1.000000 1.000000
v -0.750000 1.000000 -1.000000
v -0.625000 1.000000 -1.000000
v -0.500000 1.000000 -1.000000
v -0.375000 1.000000 -1.000000
v -0.250000 1.000000 -1.000000
v -0.125000 1.000000 -1.000000
v 0.000000 1.000000 -1.000000
v 0.125000 1.000000 -1.000000
v 0.250000 1.000000 -1.000000
v 0.375000 1.000000 -1.000000
v 0.500000 1.000000 -1.000000
v 0.625000 1.000000 -1.000000
v 0.750000 1.000000 -1.000000
v -0.750000 1.000000 -0.875000
v -0.625000 1.000000 -0.875000
v -0.500000 1.000000 -0.875000
v -0.375000 1.000000 -0.875000
v -0.250000 1.000000 -0.875000
v -0.125000 1.000000 -0.875000
v 0.000000 1.000000 -0.875000
v 0.125000 1.000000 -0.875000
v 0.250000 1.000000 -0.875000
v 0.375000 1.000000 -0.875000
v 0.500000 1.000000 -0.875000
v 0.625000 1.000000 -0.875000
v 0.750000 1.000000 -0.875000
v -0.875000 1.000000 -0.750000
v 0.875000 1.000000 -0.750000
v -0.875000 1.000000 -0.625000
v 0.875000 1.000000 -0.625000
v -0.875000 1.000000 -0.500000
v 0.875000 1.000000 -0.500000
v -0.875000 1.000000 -0.375000
v 0.875000 1.000000 -0.375000
v -0.875000 1.000000 -0.250000
v 0.875000 1.000000 -0.250000
v -0.875000 1.000000 -0.125000
v 0.875000 1.000000 -0.125000
v -0.875000 1.000000 0.000000
v 0.875000 1.000000 0.000000
v -0.875000 1.000000 0.125000
v 0.875000 1.000000 0.125000
v -0.875000 1.000000 0.250000
v 0.875000 1.000000 0.250000
v -0.875000 1.000000 0.375000
v 0.875000 1.000000 0.375000
v -0.875000 1.000000 0.500000
v 0.875000 1.000000 0.500000
v -0.875000 1.000000 0.625000
v 0.875000 1.000000 0.625000
v -0.875000 1.000000 0.750000
v 0.875000 1.000000 0.750000
v -0.750000 1.000000 0.875000
v -0.625000 1.000000 0.875000
v -0.500000 1.000000 0.875000
v -0.375000 1.000000 0.875000
v -0.250000 1.000000 0.875000
v -0.125000 1.000000 0.875000
v 0.000000 1.000000 0.875000
v 0.125000 1.000000 0.875000
v 0.250000 1.000000 0.875000
v 0.375000 1.000000 0.875000
v 0.500000 1.000000 0.875000
v 0.625000 1.000000 0.875000
v 0.750000 1.000000 0.875000
v -1.122453 1.778452 -0.875000
v -1.122453 1.778452 0.875000
v -0.997453 1.778452 -0.875000
v -0.997453 1.778452 0.875000
v -1.358613 2.915515 -0.875000
v -1.358613 2.915515 0.875000
v -1.233613 2.915515 -0.875000
v -1.233613 2.915515 0.875000
v -1.259330 3.005525 1.000000
v -1.302341 3.037968 1.000000
v -1.268485 3.021747 1.000000
v -1.284228 3.033622 1.000000
v -1.302341 3.037968 -1.000000
v -1.259330 3.005525 -1.000000
v -1.284228 3.033622 -1.000000
v -1.268485 3.021747 -1.000000
v -1.302341 3.037968 -0.875000
v -1.259330 3.005525 -0.875000
v -1.284228 3.033622 -0.875000
v -1.268485 3.021747 -0.875000
v -1.259330 3.005525 0.875000
v -1.302341 3.037968 0.875000
v -1.268485 3.021747 0.875000
v -1.284228 3.033622 0.875000
v -1.348615 3.037968 1.000000
v -1.381241 2.994715 1.000000
v -1.369452 3.032173 1.000000
v -1.381393 3.016342 1.000000
v -1.381241 2.994715 -0.875000
v -1.348615 3.037968 -0.875000
v -1.381393 3.016342 -0.875000
v -1.369452 3.032173 -0.875000
v -1.381241 2.994715 -1.000000
v -1.348615 3.037968 -1.000000
v -1.381393 3.016342 -1.000000
v -1.369452 3.032173 -1.000000
v -1.348615 3.037968 0.875000
v -1.381241 2.994715 0.875000
v -1.369452 3.032173 0.875000
v -1.381393 3.016342 0.875000
v 1.000000 0.909809 -0.875000
v 1.000000 0.909809 -0.750000
v 1.000000 0.909809 -0.625000
v 1.000000 0.909809 -0.500000
v 1.000000 0.909809 -0.375000
v 1.000000 0.909809 -0.250000
v 1.000000 0.909809 -0.125000
v 1.000000 0.909809 0.000000
v 1.000000 0.909809 0.125000
v 1.000000 0.909809 0.250000
v 1.000000 0.909809 0.375000
v 1.000000 0.909809 0.500000
v 1.000000 0.909809 0.625000
v 1.000000 0.909809 0.750000
v 1.000000 0.909809 0.875000
v -1.000000 0.909809 0.875000
v -1.000000 0.909809 0.750000
v -1.000000 0.909809 0.625000
v -1.000000 0.909809 0.500000
v -1.000000 0.909809 0.375000
v -1.000000 0.909809 0.250000
v -1.000000 0.909809 0.125000
v -1.000000 0.909809 0.000000
v -1.000000 0.909809 -0.125000
v -1.000000 0.909809 -0.250000
v -1.000000 0.909809 -0.375000
v -1.000000 0.909809 -0.500000
v -1.000000 0.909809 -0.625000
v -1.000000 0.909809 -0.750000
v -1.000000 0.909809 -0.875000
v 0.875000 0.909809 -0.875000
v 0.875000 0.909809 -0.750000
v 0.875000 0.909809 -0.625000
v 0.875000 0.909809 -0.500000
v 0.875000 0.909809 -0.375000
v 0.875000 0.909809 -0.250000
v 0.875000 0.909809 -0.125000
v 0.875000 0.909809 0.000000
v 0.875000 0.909809 0.125000
v 0.875000 0.909809 0.250000
v 0.875000 0.909809 0.375000
v 0.875000 0.909809 0.500000
v 0.875000 0.909809 0.625000
v 0.875000 0.909809 0.750000
v 0.875000 0.909809 0.875000
v 0.875000 0.909809 1.000000
v 0.750000 0.909809 1.000000
v 0.625000 0.909809 1.000000
v 0.500000 0.909809 1.000000
v 0.375000 0.909809 1.000000
v 0.250000 0.909809 1.000000
v 0.125000 0.909809 1.000000
v 0.000000 0.909809 1.000000
v -0.125000 0.909809 1.000000
v -0.250000 0.909809 1.000000
v -0.375000 0.909809 1.000000
v -0.500000 0.909809 1.000000
v -0.625000 0.909809 1.000000
v -0.750000 0.909809 1.000000
v -0.903508 0.909809 1.000000
v -0.903508 0.909809 -1.000000
v -0.750000 0.909809 -1.000000
v -0.625000 0.909809 -1.000000
v -0.500000 0.909809 -1.000000
v -0.375000 0.909809 -1.000000
v -0.250000 0.909809 -1.000000
v -0.125000 0.909809 -1.000000
v 0.000000 0.909809 -1.000000
v 0.125000 0.909809 -1.000000
v 0.250000 0.909809 -1.000000
v 0.375000 0.909809 -1.000000
v 0.500000 0.909809 -1.000000
v 0.625000 0.909809 -1.000000
v 0.750000 0.909809 -1.000000
v 0.875000 0.909809 -1.000000
v -0.903508 0.909809 -0.875000
v -0.750000 0.909809 -0.875000
v -0.625000 0.909809 -0.875000
v -0.500000 0.909809 -0.875000
v -0.375000 0.909809 -0.875000
v -0.250000 0.909809 -0.875000
v -0.125000 0.909809 -0.875000
v 0.000000 0.909809 -0.875000
v 0.125000 0.909809 -0.875000
v 0.250000 0.909809 -0.875000
v 0.375000 0.909809 -0.875000
v 0.500000 0.909809 -0.875000
v 0.625000 0.909809 -0.875000
v 0.750000 0.909809 -0.875000
v -0.875000 0.909809 -0.750000
v -0.875000 0.909809 -0.625000
v -0.875000 0.909809 -0.500000
v -0.875000 0.909809 -0.375000
v -0.875000 0.909809 -0.250000
v -0.875000 0.909809 -0.125000
v -0.875000 0.909809 0.000000
v -0.875000 0.909809 0.125000
v -0.875000 0.909809 0.250000
v -0.875000 0.909809 0.375000
v -0.875000 0.909809 0.500000
v -0.875000 0.909809 0.625000
v -0.875000 0.909809 0.750000
v -0.903508 0.909809 0.875000
v -0.750000 0.909809 0.875000
v -0.625000 0.909809 0.875000
v -0.500000 0.909809 0.875000
v -0.375000 0.909809 0.875000
v -0.250000 0.909809 0.875000
v -0.125000 0.909809 0.875000
v 0.000000 0.909809 0.875000
v 0.125000 0.909809 0.875000
v 0.250000 0.909809 0.875000
v 0.375000 0.909809 0.875000
v 0.500000 0.909809 0.875000
v 0.625000 0.909809 0.875000
v 0.750000 0.909809 0.875000
v -1.000000 1.000000 -0.975422
v -0.975014 1.000000 -1.000000
v -0.996653 1.000000 -0.987711
v -0.987507 1.000000 -0.996707
v -0.975014 1.000000 1.000000
v -1.000000 1.000000 0.975422
v -0.987507 1.000000 0.996707
v -0.996653 1.000000 0.987711
v -0.850120 1.000000 1.000000
v -0.899986 1.000000 1.000000
v -0.875000 1.000000 0.975422
v -0.882408 0.976565 1.000000
v -0.866742 1.000000 1.000000
v -0.883364 1.000000 1.000000
v -0.899986 1.000000 -1.000000
v -0.875000 1.000000 -0.975422
v -0.882408 0.976565 -1.000000
v -0.850422 1.000000 -1.000000
v -0.887493 1.000000 -0.996707
v -0.878347 1.000000 -0.987711
v -0.997453 1.778452 0.975422
v -1.022443 1.778452 1.000000
v -1.000801 1.778452 0.987711
v -1.009948 1.778452 0.996707
v -1.097463 1.778452 1.000000
v -1.122453 1.778452 0.975422
v -1.109958 1.778452 0.996707
v -1.119105 1.778452 0.987711
v -1.122453 1.778452 -0.975422
v -1.097463 1.778452 -1.000000
v -1.119105 1.778452 -0.987711
v -1.109958 1.778452 -0.996707
v -1.022443 1.778452 -1.000000
v -0.997453 1.778452 -0.975422
v -1.009948 1.778452 -0.996707
v -1.000801 1.778452 -0.987711
v -1.258607 2.915515 1.000000
v -1.233613 2.915515 0.975422
v -1.240365 2.939147 1.000000
v -1.246110 2.915515 0.996707
v -1.236961 2.915515 0.987711
v -1.358613 2.915515 0.975422
v -1.333618 2.915515 1.000000
v -1.365365 2.939147 1.000000
v -1.355264 2.915515 0.987711
v -1.346115 2.915515 0.996707
v -1.333618 2.915515 -1.000000
v -1.358613 2.915515 -0.975422
v -1.365365 2.939147 -1.000000
v -1.346115 2.915515 -0.996707
v -1.355264 2.915515 -0.987711
v -1.233613 2.915515 -0.975422
v -1.258607 2.915515 -1.000000
v -1.240365 2.939147 -1.000000
v -1.236961 2.915515 -0.987711
v -1.246110 2.915515 -0.996707
v 0.968055 1.000000 -1.000000
v 1.000000 1.000000 -0.968055
v 0.984028 1.000000 -0.995720
v 0.995720 1.000000 -0.984028
v 0.968055 -1.002793 1.000000
v 1.000000 -1.002793 0.968055
v 0.984028 -1.002793 0.995720
v 0.995720 -1.002793 0.984028
v 1.000000 1.000000 0.968055
v 0.968055 1.000000 1.000000
v 0.995720 1.000000 0.984028
v 0.984028 1.000000 0.995720
v 1.000000 -1.002793 -0.968055
v 0.968055 -1.002793 -1.000000
v 0.995720 -1.002793 -0.984028
v 0.984028 -1.002793 -0.995720
v -1.637682 -0.990986 -0.968055
v -1.604139 -0.990986 -1.000000
v -1.633188 -0.990986 -0.984028
v -1.620911 -0.990986 -0.995720
v -1.604139 -0.990986 -0.875000
v -1.637682 -0.990986 -0.906945
v -1.620911 -0.990986 -0.879280
v -1.633188 -0.990986 -0.890972
v -1.546225 -0.990986 -1.000000
v -1.512682 -0.990986 -0.968055
v -1.529454 -0.990986 -0.995720
v -1.517177 -0.990986 -0.984028
v -1.637682 -0.990986 0.906945
v -1.604139 -0.990986 0.875000
v -1.633188 -0.990986 0.890972
v -1.620911 -0.990986 0.879280
v 1.000000 1.000000 -0.906945
v 0.968055 1.000000 -0.875000
v 1.000000 0.968055 -0.875000
v 1.000000 1.000000 -0.843055
v 0.995720 1.000000 -0.890972
v 0.984028 1.000000 -0.879280
v 0.968055 1.000000 0.875000
v 1.000000 1.000000 0.906945
v 1.000000 1.000000 0.843055
v 1.000000 0.968055 0.875000
v 0.984028 1.000000 0.879280
v 0.995720 1.000000 0.890972
v -1.000000 1.000000 0.843055
v -1.000000 1.000000 0.906945
v -1.004964 1.031556 0.875000
v -0.968055 1.000000 0.875000
v -1.000000 0.968055 0.875000
v -1.000000 1.000000 0.864352
v -1.000000 1.000000 0.885648
v -1.000000 1.000000 -0.906945
v -0.966457 1.000000 -0.875000
v -1.000000 0.968055 -0.875000
v -1.000000 1.000000 -0.843055
v -1.004964 1.031556 -0.875000
v -0.995506 1.000000 -0.890972
v -0.983229 1.000000 -0.879280
v 0.968055 -1.002793 -0.875000
v 1.000000 -1.002793 -0.906945
v 0.984028 -1.002793 -0.879280
v 0.995720 -1.002793 -0.890972
v 0.875000 -1.002793 -0.906945
v 0.906945 -1.002793 -0.875000
v 0.879280 -1.002793 -0.890972
v 0.890972 -1.002793 -0.879280
v 1.000000 -1.002793 0.906945
v 0.968055 -1.002793 0.875000
v 0.995720 -1.002793 0.890972
v 0.984028 -1.002793 0.879280
v -1.604139 -0.990986 1.000000
v -1.637682 -0.990986 0.968055
v -1.620911 -0.990986 0.995720
v -1.633188 -0.990986 0.984028
v 0.906945 1.000000 1.000000
v 0.875000 1.000000 0.968055
v 0.875000 0.968055 1.000000
v 0.843055 1.000000 1.000000
v 0.890972 1.000000 0.995720
v 0.879280 1.000000 0.984028
v -1.512682 -0.990986 0.968055
v -1.546225 -0.990986 1.000000
v -1.517177 -0.990986 0.984028
v -1.529454 -0.990986 0.995720
v 0.906945 -1.002793 -1.000000
v 0.875000 -1.002793 -0.968055
v 0.890972 -1.002793 -0.995720
v 0.879280 -1.002793 -0.984028
v 0.875000 1.000000 -0.968055
v 0.906945 1.000000 -1.000000
v 0.843055 1.000000 -1.000000
v 0.875000 0.968055 -1.000000
v 0.879280 1.000000 -0.984028
v 0.890972 1.000000 -0.995720
v -0.908543 1.000000 -0.875000
v -0.841457 1.000000 -0.875000
v -0.875000 1.000000 -0.843055
v -0.884628 0.969541 -0.875000
v -0.875000 1.000000 -0.906945
v -0.879964 1.031556 -0.875000
v -0.886181 1.000000 -0.875000
v -0.863819 1.000000 -0.875000
v 0.906945 1.000000 -0.875000
v 0.875000 1.000000 -0.906945
v 0.843055 1.000000 -0.875000
v 0.875000 1.000000 -0.843055
v 0.875000 0.968055 -0.875000
v 0.890972 1.000000 -0.879280
v 0.879280 1.000000 -0.890972
v -0.875000 1.000000 0.906945
v -0.875000 1.000000 0.875000
v -0.875000 1.000000 0.843055
v -0.884628 0.969541 0.875000
v -0.906945 1.000000 0.875000
v -0.879964 1.031556 0.875000
v -0.875000 1.000000 0.896296
v -0.875000 1.000000 0.885648
v 0.875000 1.000000 0.906945
v 0.906945 1.000000 0.875000
v 0.875000 0.968055 0.875000
v 0.875000 1.000000 0.843055
v 0.843055 1.000000 0.875000
v 0.879280 1.000000 0.890972
v 0.890972 1.000000 0.879280
v 0.906945 -1.002793 0.875000
v 0.875000 -1.002793 0.906945
v 0.890972 -1.002793 0.879280
v 0.879280 -1.002793 0.890972
v 0.875000 -1.002793 0.968055
v 0.906945 -1.002793 1.000000
v 0.879280 -1.002793 0.984028
v 0.890972 -1.002793 0.995720
v -1.512682 -0.990986 -0.906945
v -1.546225 -0.990986 -0.875000
v -1.517177 -0.990986 -0.890972
v -1.529454 -0.990986 -0.879280
v -1.546225 -0.990986 0.875000
v -1.512682 -0.990986 0.906945
v -1.529454 -0.990986 0.879280
v -1.517177 -0.990986 0.890972
v -0.975014 1.000000 -1.000000
v -1.000000 1.000000 -0.975422
v -0.996671 0.999959 -0.987733
v -0.987539 0.999962 -0.996712
v -0.990251 0.991433 -0.996707
v -0.999397 0.991433 -0.987711
v -1.000000 1.000000 0.975422
v -0.975014 1.000000 1.000000
v -0.987539 0.999962 0.996712
v -0.996671 0.999959 0.987733
v -0.999397 0.991433 0.987711
v -0.990251 0.991433 0.996707
v -0.899986 1.000000 1.000000
v -0.875000 1.000000 0.975422
v -0.890237 0.991433 0.996707
v -0.881091 0.991433 0.987711
v -0.850422 1.000000 -1.000000
v -0.899986 1.000000 -1.000000
v -0.868803 0.991433 -1.000000
v -0.886944 0.991433 -1.000000
vt 0.630014 0.664490
vt 0.618928 0.663734
vt 0.644241 0.540195
vt 0.655326 0.540952
vt 0.927914 0.660969
vt 0.923511 0.666413
vt 0.914523 0.667032
vt 0.910959 0.662376
vt 0.913184 0.652611
vt 0.927375 0.651634
vt 0.008074 0.337285
vt 0.008074 0.337285
vt 0.018213 0.337301
vt 0.016893 0.654740
vt 0.007845 0.654726
vt 0.563121 0.931502
vt 0.563121 0.946376
vt 0.558392 0.951478
vt 0.549768 0.951469
vt 0.549768 0.931488
vt 0.729982 0.666537
vt 0.729982 0.666537
vt 0.718945 0.667260
vt 0.718945 0.667260
vt 0.796537 0.341856
vt 0.805056 0.341299
vt 0.075978 0.680187
vt 0.075344 0.682752
vt 0.073613 0.684630
vt 0.071248 0.685317
vt 0.062199 0.685317
vt 0.059834 0.684630
vt 0.058103 0.682752
vt 0.057470 0.680187
vt 0.057470 0.670372
vt 0.058103 0.667807
vt 0.059834 0.665929
vt 0.062199 0.665242
vt 0.071248 0.665242
vt 0.073613 0.665929
vt 0.075344 0.667807
vt 0.075978 0.670372
vt 0.286784 0.337738
vt 0.296923 0.337754
vt 0.296923 0.337754
vt 0.294513 0.655191
vt 0.285465 0.655177
vt 0.530882 0.667194
vt 0.535612 0.672323
vt 0.535612 0.687266
vt 0.522258 0.687268
vt 0.522258 0.667195
vt 0.817500 0.004954
vt 0.836008 0.004950
vt 0.836008 0.019432
vt 0.817500 0.019435
vt 0.563121 0.871558
vt 0.563121 0.891539
vt 0.549768 0.891525
vt 0.549768 0.871544
vt 0.854516 0.004946
vt 0.854516 0.019428
vt 0.563121 0.911520
vt 0.549768 0.911507
vt 0.873024 0.004942
vt 0.873024 0.019424
vt 0.427961 0.989375
vt 0.418955 0.989384
vt 0.418955 0.667744
vt 0.427961 0.667735
vt 0.323274 0.327010
vt 0.313134 0.327003
vt 0.313134 0.327003
vt 0.314839 0.009654
vt 0.323887 0.009660
vt 0.544857 0.670209
vt 0.549321 0.672249
vt 0.549367 0.677114
vt 0.549367 0.691734
vt 0.536013 0.691720
vt 0.536013 0.667182
vt 0.587123 0.332276
vt 0.591853 0.327195
vt 0.601993 0.327202
vt 0.601985 0.452638
vt 0.587116 0.452628
vt 0.461920 0.989382
vt 0.452873 0.989381
vt 0.452873 0.667735
vt 0.461920 0.667736
vt 0.508503 0.691847
vt 0.508503 0.671775
vt 0.508540 0.671861
vt 0.513013 0.670228
vt 0.521857 0.667195
vt 0.521857 0.691846
vt 0.576874 0.908065
vt 0.576874 0.928139
vt 0.563522 0.928137
vt 0.563522 0.908062
vt 0.591026 0.928103
vt 0.591026 0.908028
vt 0.604377 0.908030
vt 0.604377 0.928105
vt 0.576874 0.887990
vt 0.563522 0.887987
vt 0.595755 0.948179
vt 0.591026 0.943048
vt 0.604377 0.948180
vt 0.591026 0.887953
vt 0.604377 0.887954
vt 0.549367 0.911528
vt 0.549367 0.931509
vt 0.536013 0.931495
vt 0.536013 0.911514
vt 0.576874 0.867915
vt 0.563522 0.867913
vt 0.549367 0.891547
vt 0.536013 0.891533
vt 0.591026 0.867878
vt 0.604377 0.867879
vt 0.549367 0.871565
vt 0.536013 0.871552
vt 0.576874 0.847841
vt 0.563522 0.847838
vt 0.549367 0.851584
vt 0.536013 0.851570
vt 0.591026 0.847802
vt 0.604377 0.847804
vt 0.549367 0.831603
vt 0.536013 0.831589
vt 0.576874 0.827766
vt 0.563522 0.827763
vt 0.549367 0.811621
vt 0.536013 0.811608
vt 0.052184 0.665242
vt 0.054549 0.665929
vt 0.056281 0.667807
vt 0.056914 0.670372
vt 0.056914 0.680186
vt 0.056281 0.682751
vt 0.054549 0.684629
vt 0.052184 0.685316
vt 0.043136 0.685316
vt 0.040771 0.684629
vt 0.039039 0.682751
vt 0.038406 0.680186
vt 0.038406 0.670372
vt 0.039039 0.667807
vt 0.040771 0.665929
vt 0.043136 0.665242
vt 0.591026 0.827727
vt 0.604377 0.827729
vt 0.549367 0.791640
vt 0.536013 0.791626
vt 0.576874 0.807691
vt 0.563522 0.807689
vt 0.549367 0.771659
vt 0.536013 0.771645
vt 0.591026 0.807652
vt 0.604377 0.807653
vt 0.549367 0.751678
vt 0.536013 0.751664
vt 0.576874 0.787617
vt 0.563522 0.787614
vt 0.632420 0.010121
vt 0.637150 0.004991
vt 0.650928 0.004988
vt 0.650928 0.019470
vt 0.632420 0.019474
vt 0.549367 0.731696
vt 0.536013 0.731683
vt 0.591026 0.787577
vt 0.604377 0.787578
vt 0.549367 0.711715
vt 0.536013 0.711701
vt 0.576873 0.767542
vt 0.563522 0.767539
vt 0.591026 0.767501
vt 0.604377 0.767503
vt 0.886802 0.004940
vt 0.891532 0.010068
vt 0.891532 0.019420
vt 0.618642 0.004995
vt 0.627690 0.004993
vt 0.627690 0.326572
vt 0.618642 0.326574
vt 0.112797 0.665242
vt 0.117527 0.670371
vt 0.117527 0.680184
vt 0.112797 0.685314
vt 0.104173 0.685316
vt 0.104173 0.665243
vt 0.328013 0.322158
vt 0.328024 0.327130
vt 0.328003 0.332098
vt 0.309502 0.323265
vt 0.309523 0.312624
vt 0.328031 0.312636
vt 0.605639 0.323469
vt 0.587133 0.322336
vt 0.587151 0.312814
vt 0.605659 0.312827
vt 0.576874 0.747467
vt 0.563522 0.747465
vt 0.282056 0.332646
vt 0.282091 0.212307
vt 0.296960 0.212331
vt 0.591026 0.747426
vt 0.604377 0.747428
vt 0.098938 0.670449
vt 0.103667 0.665319
vt 0.103771 0.670405
vt 0.103667 0.675580
vt 0.103667 0.685394
vt 0.098938 0.690523
vt 0.090316 0.690521
vt 0.090316 0.670447
vt 0.576873 0.727393
vt 0.563522 0.727390
vt 0.834817 0.640098
vt 0.833838 0.645064
vt 0.833426 0.650215
vt 0.828803 0.644719
vt 0.820250 0.644067
vt 0.816357 0.638689
vt 0.841453 0.520357
vt 0.859914 0.521765
vt 0.535612 0.707338
vt 0.522258 0.707340
vt 0.591026 0.727351
vt 0.604377 0.727352
vt 0.590625 0.687202
vt 0.590625 0.707277
vt 0.577274 0.707276
vt 0.577274 0.687201
vt 0.535612 0.727411
vt 0.522258 0.727413
vt 0.576874 0.707318
vt 0.563522 0.707315
vt 0.590625 0.727353
vt 0.577274 0.727351
vt 0.888121 0.340855
vt 0.906582 0.342264
vt 0.705675 0.357611
vt 0.700765 0.361079
vt 0.689681 0.360323
vt 0.687205 0.356352
vt 0.690623 0.345903
vt 0.692126 0.343396
vt 0.694562 0.341651
vt 0.697279 0.341137
vt 0.704116 0.341603
vt 0.707141 0.342742
vt 0.708759 0.345400
vt 0.708536 0.348865
vt 0.585896 0.667126
vt 0.590625 0.672257
vt 0.577274 0.667126
vt 0.033120 0.665242
vt 0.035485 0.665964
vt 0.037217 0.667935
vt 0.037850 0.670629
vt 0.037850 0.679930
vt 0.037217 0.682624
vt 0.035485 0.684595
vt 0.033120 0.685317
vt 0.024072 0.685317
vt 0.021707 0.684595
vt 0.019975 0.682624
vt 0.019342 0.679930
vt 0.019342 0.670629
vt 0.019975 0.667935
vt 0.021707 0.665964
vt 0.024072 0.665242
vt 0.816402 0.648677
vt 0.815215 0.643722
vt 0.832822 0.659546
vt 0.818571 0.658459
vt 0.081289 0.690525
vt 0.076561 0.685394
vt 0.076561 0.675580
vt 0.076457 0.670494
vt 0.076561 0.665319
vt 0.081289 0.670451
vt 0.089912 0.670452
vt 0.089912 0.690527
vt 0.535612 0.928137
vt 0.535612 0.944263
vt 0.532142 0.949400
vt 0.522258 0.952790
vt 0.522258 0.928139
vt 0.587141 0.636059
vt 0.602010 0.636069
vt 0.605651 0.639891
vt 0.605655 0.650618
vt 0.587147 0.650605
vt 0.282071 0.028904
vt 0.022960 0.028483
vt 0.022950 0.015687
vt 0.282062 0.016108
vt 0.296940 0.028928
vt 0.313127 0.452440
vt 0.327996 0.452450
vt 0.328021 0.635881
vt 0.313152 0.635871
vt 0.022980 0.211886
vt 0.008111 0.211862
vt 0.008091 0.028459
vt 0.935031 0.790888
vt 0.953416 0.789621
vt 0.998661 0.969480
vt 0.980276 0.970747
vt 0.743792 0.790877
vt 0.754828 0.790155
vt 0.799549 0.970168
vt 0.788514 0.970890
vt 0.004449 0.024635
vt 0.004442 0.015657
vt 0.309514 0.639687
vt 0.328027 0.650427
vt 0.309519 0.650414
vt 0.300577 0.025116
vt 0.300570 0.016138
vt 0.786038 0.974854
vt 0.804426 0.973651
vt 0.807250 0.982406
vt 0.807462 0.985872
vt 0.805844 0.988525
vt 0.802830 0.989654
vt 0.796022 0.990100
vt 0.793320 0.989577
vt 0.790900 0.987825
vt 0.789410 0.985313
vt 0.361951 0.667126
vt 0.361951 0.948182
vt 0.343443 0.948182
vt 0.343443 0.667126
vt 0.467809 0.968860
vt 0.467809 0.687803
vt 0.474661 0.687803
vt 0.474661 0.968860
vt 0.474661 0.988935
vt 0.477348 0.968859
vt 0.477348 0.988935
vt 0.479695 0.968859
vt 0.479695 0.988935
vt 0.605659 0.653256
vt 0.587151 0.653243
vt 0.474661 0.667728
vt 0.477348 0.667728
vt 0.477348 0.687803
vt 0.479695 0.667728
vt 0.479695 0.687803
vt 0.328031 0.653065
vt 0.309523 0.653052
vt 0.467809 0.988935
vt 0.464732 0.988935
vt 0.464732 0.968860
vt 0.282087 0.010135
vt 0.300595 0.010165
vt 0.300575 0.012665
vt 0.282067 0.012635
vt 0.467809 0.667728
vt 0.464732 0.687803
vt 0.464732 0.667728
vt 0.004467 0.009684
vt 0.022975 0.009714
vt 0.022955 0.012214
vt 0.004447 0.012184
vt 0.590625 0.928105
vt 0.590625 0.943050
vt 0.585896 0.948180
vt 0.577274 0.948179
vt 0.577274 0.928104
vt 0.404896 0.667755
vt 0.413902 0.667746
vt 0.413902 0.989386
vt 0.404896 0.989396
vt 0.618928 0.663734
vt 0.630014 0.664490
vt 0.704508 0.989953
vt 0.695950 0.989369
vt 0.896262 0.004938
vt 0.905310 0.004936
vt 0.905310 0.326514
vt 0.896262 0.326516
vt 0.549367 0.946384
vt 0.549321 0.951987
vt 0.544637 0.951485
vt 0.536013 0.951477
vt 0.000278 0.670629
vt 0.000911 0.667935
vt 0.002643 0.665964
vt 0.005008 0.665242
vt 0.014056 0.665242
vt 0.016421 0.665964
vt 0.018153 0.667935
vt 0.018786 0.670629
vt 0.018786 0.679930
vt 0.018153 0.682624
vt 0.016421 0.684595
vt 0.014056 0.685317
vt 0.005008 0.685317
vt 0.002643 0.684595
vt 0.000911 0.682624
vt 0.000278 0.679930
vt 0.491542 0.989322
vt 0.482493 0.989323
vt 0.482493 0.667750
vt 0.491542 0.667749
vt 0.605616 0.327115
vt 0.605616 0.327115
vt 0.587144 0.327314
vt 0.592467 0.009845
vt 0.601515 0.009851
vt 0.559652 0.670557
vt 0.563121 0.675722
vt 0.563121 0.691726
vt 0.549768 0.691713
vt 0.549768 0.667174
vt 0.395857 0.948182
vt 0.381570 0.948182
vt 0.381570 0.928106
vt 0.400078 0.928106
vt 0.381570 0.908031
vt 0.400078 0.908031
vt 0.381570 0.887955
vt 0.400078 0.887955
vt 0.381570 0.867880
vt 0.400078 0.867880
vt 0.381570 0.847805
vt 0.400078 0.847805
vt 0.381570 0.827729
vt 0.400078 0.827729
vt 0.381570 0.807654
vt 0.400078 0.807654
vt 0.381570 0.787578
vt 0.400078 0.787578
vt 0.381570 0.767503
vt 0.400078 0.767503
vt 0.381570 0.747427
vt 0.400078 0.747427
vt 0.381570 0.727352
vt 0.400078 0.727352
vt 0.381570 0.707276
vt 0.400078 0.707277
vt 0.381570 0.687201
vt 0.400078 0.687201
vt 0.381570 0.667126
vt 0.395857 0.667126
vt 0.381015 0.687201
vt 0.362507 0.687201
vt 0.362507 0.667126
vt 0.381015 0.667126
vt 0.381015 0.707276
vt 0.362507 0.707276
vt 0.381015 0.727352
vt 0.362507 0.727352
vt 0.381015 0.747427
vt 0.362507 0.747427
vt 0.381015 0.767503
vt 0.362507 0.767503
vt 0.381015 0.787578
vt 0.362507 0.787578
vt 0.381015 0.807654
vt 0.362507 0.807654
vt 0.381015 0.827729
vt 0.362507 0.827729
vt 0.381015 0.847805
vt 0.362507 0.847805
vt 0.381015 0.867880
vt 0.362507 0.867880
vt 0.381015 0.887955
vt 0.362507 0.887955
vt 0.381015 0.908031
vt 0.362507 0.908031
vt 0.381015 0.928106
vt 0.362507 0.928106
vt 0.381015 0.948182
vt 0.362507 0.948182
vt 0.305315 0.952818
vt 0.305315 0.932744
vt 0.323823 0.932744
vt 0.323823 0.952818
vt 0.305315 0.912669
vt 0.323823 0.912669
vt 0.305315 0.892594
vt 0.323823 0.892594
vt 0.305315 0.872519
vt 0.323823 0.872519
vt 0.305315 0.852445
vt 0.323823 0.852445
vt 0.305315 0.832370
vt 0.323823 0.832370
vt 0.305315 0.812295
vt 0.323823 0.812295
vt 0.305315 0.792221
vt 0.323823 0.792221
vt 0.305315 0.772146
vt 0.323823 0.772146
vt 0.305315 0.752071
vt 0.323823 0.752071
vt 0.305315 0.731997
vt 0.323823 0.731997
vt 0.305315 0.711922
vt 0.323823 0.711922
vt 0.305315 0.691847
vt 0.323823 0.691847
vt 0.305315 0.667194
vt 0.323823 0.667194
vt 0.342887 0.667194
vt 0.342887 0.687269
vt 0.324379 0.687269
vt 0.324379 0.667194
vt 0.342887 0.707344
vt 0.324379 0.707344
vt 0.342887 0.727418
vt 0.324379 0.727418
vt 0.342887 0.747493
vt 0.324379 0.747493
vt 0.342887 0.767568
vt 0.324379 0.767568
vt 0.342887 0.787642
vt 0.324379 0.787642
vt 0.342887 0.807717
vt 0.324379 0.807717
vt 0.342887 0.827792
vt 0.324379 0.827792
vt 0.342887 0.847866
vt 0.324379 0.847866
vt 0.342887 0.867941
vt 0.324379 0.867941
vt 0.342887 0.888016
vt 0.324379 0.888016
vt 0.342887 0.908090
vt 0.324379 0.908090
vt 0.342887 0.928165
vt 0.324379 0.928165
vt 0.342887 0.952818
vt 0.324379 0.952818
vt 0.563121 0.851577
vt 0.549768 0.851563
vt 0.798992 0.004958
vt 0.798992 0.019439
vt 0.563121 0.831595
vt 0.549768 0.831581
vt 0.780484 0.004962
vt 0.780484 0.019443
vt 0.563121 0.811614
vt 0.549768 0.811600
vt 0.761976 0.004965
vt 0.761976 0.019447
vt 0.910846 0.672364
vt 0.929231 0.671097
vt 0.563122 0.791633
vt 0.549768 0.791619
vt 0.743468 0.004969
vt 0.743468 0.019451
vt 0.309480 0.326910
vt 0.563121 0.771651
vt 0.549768 0.771638
vt 0.724960 0.004973
vt 0.724960 0.019455
vt 0.508503 0.711920
vt 0.521857 0.711918
vt 0.563121 0.751670
vt 0.549768 0.751656
vt 0.706452 0.004977
vt 0.706452 0.019458
vt 0.508503 0.731993
vt 0.521857 0.731991
vt 0.563121 0.731689
vt 0.549768 0.731675
vt 0.687944 0.004981
vt 0.687944 0.019462
vt 0.508503 0.752065
vt 0.521858 0.752063
vt 0.563121 0.711708
vt 0.549768 0.711694
vt 0.669436 0.004985
vt 0.669436 0.019466
vt 0.508503 0.772138
vt 0.521858 0.772136
vt 0.928669 0.666108
vt 0.909365 0.667337
vt 0.990143 0.341435
vt 0.998661 0.340848
vt 0.508503 0.792211
vt 0.521858 0.792209
vt 0.572396 0.667154
vt 0.576873 0.672299
vt 0.576873 0.687243
vt 0.563522 0.687241
vt 0.563615 0.667126
vt 0.122657 0.685222
vt 0.117928 0.680111
vt 0.117927 0.670342
vt 0.122657 0.665240
vt 0.131281 0.665249
vt 0.131281 0.685231
vt 0.508503 0.812283
vt 0.521858 0.812281
vt 0.508503 0.832356
vt 0.521858 0.832354
vt 0.022944 0.332225
vt 0.508503 0.852428
vt 0.521857 0.852427
vt 0.576874 0.943084
vt 0.572396 0.948200
vt 0.563615 0.948171
vt 0.590625 0.908030
vt 0.577274 0.908029
vt 0.508503 0.872501
vt 0.521858 0.872499
vt 0.535612 0.908065
vt 0.522258 0.908066
vt 0.505734 0.989322
vt 0.496685 0.989323
vt 0.496685 0.667750
vt 0.505734 0.667749
vt 0.590625 0.887955
vt 0.577274 0.887953
vt 0.508503 0.892574
vt 0.521858 0.892572
vt 0.535612 0.887992
vt 0.522258 0.887994
vt 0.590625 0.867880
vt 0.577274 0.867878
vt 0.508503 0.912646
vt 0.521858 0.912644
vt 0.535612 0.867919
vt 0.522258 0.867921
vt 0.590625 0.847804
vt 0.577274 0.847803
vt 0.508503 0.932719
vt 0.521858 0.932717
vt 0.535612 0.847847
vt 0.522258 0.847849
vt 0.590625 0.827729
vt 0.577274 0.827728
vt 0.298747 0.337769
vt 0.298750 0.337775
vt 0.535612 0.827774
vt 0.522258 0.827776
vt 0.590625 0.807654
vt 0.577274 0.807652
vt 0.513233 0.952791
vt 0.508540 0.952878
vt 0.508503 0.947662
vt 0.521858 0.952790
vt 0.535612 0.807701
vt 0.522258 0.807703
vt 0.590625 0.787579
vt 0.577274 0.787577
vt 0.591026 0.687200
vt 0.591026 0.672255
vt 0.595755 0.667126
vt 0.604377 0.667126
vt 0.604377 0.687202
vt 0.535612 0.787629
vt 0.522258 0.787631
vt 0.590625 0.767503
vt 0.577274 0.767502
vt 0.591026 0.707276
vt 0.604377 0.707277
vt 0.535612 0.767556
vt 0.522258 0.767558
vt 0.590625 0.747428
vt 0.577274 0.747427
vt 0.535612 0.747484
vt 0.522258 0.747485
vt 0.604582 0.662941
vt 0.604582 0.665001
vt 0.604578 0.664998
vt 0.604577 0.662941
vt 0.731773 0.666415
vt 0.731777 0.666409
vt 0.631852 0.664620
vt 0.631856 0.664626
vt 0.633180 0.664722
vt 0.633183 0.664728
vt 0.006258 0.337294
vt 0.006255 0.337300
vt 0.611560 0.663232
vt 0.614016 0.663399
vt 0.616472 0.663567
vt 0.617400 0.665013
vt 0.616026 0.664930
vt 0.615174 0.663509
vt 0.615174 0.663509
vt 0.616113 0.667313
vt 0.605647 0.327295
vt 0.605152 0.327249
vt 0.603814 0.327215
vt 0.605629 0.325806
vt 0.605640 0.325872
vt 0.605647 0.327295
vt 0.687826 0.360201
vt 0.686452 0.360118
vt 0.311334 0.635882
vt 0.006275 0.028468
vt 0.004955 0.028498
vt 0.702603 0.361209
vt 0.801340 0.970045
vt 0.300108 0.028977
vt 0.298764 0.028943
vt 0.603832 0.636083
vt 0.785153 0.971091
vt 0.786628 0.971008
vt 0.640486 0.539970
vt 0.641012 0.539991
vt 0.642387 0.540073
vt 0.006295 0.211871
vt 0.658493 0.541183
vt 0.657164 0.541081
vt 0.741907 0.790995
vt 0.717060 0.667378
vt 0.740432 0.791078
vt 0.715585 0.667460
vt 0.603807 0.452652
vt 0.756619 0.790032
vt 0.300128 0.212381
vt 0.300091 0.337803
vt 0.298784 0.212346
vt 0.703932 0.361311
vt 0.311309 0.452451
vt 0.902332 0.970869
vt 0.893779 0.970216
vt 0.893892 0.004923
vt 0.892145 0.004882
vt 0.891491 0.004826
vt 0.632379 0.004880
vt 0.631766 0.004936
vt 0.630050 0.004978
vt 0.928362 0.666096
vt 0.928056 0.666083
vt 0.927750 0.666071
vt 0.284425 0.337750
vt 0.282710 0.337790
vt 0.282098 0.337848
vt 0.282046 0.342859
vt 0.277325 0.337722
vt 0.076664 0.690479
vt 0.076612 0.689815
vt 0.076574 0.687953
vt 0.076457 0.690569
vt 0.103653 0.687965
vt 0.103615 0.689859
vt 0.103563 0.690569
vt 0.103771 0.690479
vt 0.587130 0.327232
vt 0.587116 0.327151
vt 0.587102 0.327069
vt 0.582393 0.327188
vt 0.145161 0.672305
vt 0.143041 0.670977
vt 0.140592 0.670977
vt 0.138472 0.672305
vt 0.138472 0.665050
vt 0.145161 0.665049
vt 0.141845 0.668709
vt 0.909518 0.667343
vt 0.909671 0.667350
vt 0.909824 0.667356
vt 0.910284 0.667375
vt 0.138271 0.665049
vt 0.137047 0.667349
vt 0.137047 0.670005
vt 0.138271 0.672305
vt 0.134956 0.668709
vt 0.131582 0.672305
vt 0.131582 0.665050
vt 0.300595 0.337848
vt 0.300085 0.339169
vt 0.298742 0.339135
vt 0.300092 0.337809
vt 0.633643 0.664769
vt 0.633506 0.666122
vt 0.632178 0.666021
vt 0.480126 0.989308
vt 0.480126 0.667735
vt 0.432267 0.667755
vt 0.432267 0.989396
vt 0.430377 0.989379
vt 0.430377 0.667739
vt 0.893892 0.326502
vt 0.892145 0.326461
vt 0.416663 0.989393
vt 0.416663 0.667753
vt 0.435089 0.667753
vt 0.435089 0.989399
vt 0.432734 0.989393
vt 0.432734 0.667747
vt 0.909386 0.004879
vt 0.909386 0.326457
vt 0.907670 0.326499
vt 0.907670 0.004920
vt 0.402480 0.989391
vt 0.402480 0.667751
vt 0.400590 0.989375
vt 0.400590 0.667735
vt 0.494318 0.989308
vt 0.494318 0.667735
vt 0.450497 0.989386
vt 0.450497 0.667740
vt 0.448737 0.989400
vt 0.448737 0.667754
vt 0.508096 0.667734
vt 0.508096 0.989306
vt 0.616271 0.326559
vt 0.616271 0.004981
vt 0.614525 0.326518
vt 0.614525 0.004940
vt 0.416194 0.667737
vt 0.416194 0.989377
vt 0.630050 0.326556
vt 0.631766 0.326515
vt 0.464274 0.667742
vt 0.464274 0.989388
vt 0.444136 0.989400
vt 0.444136 0.667754
vt 0.446511 0.667749
vt 0.446511 0.989395
vt 0.448271 0.667735
vt 0.448271 0.989381
vt 0.493904 0.667734
vt 0.493904 0.989306
vt 0.027672 0.337317
vt 0.021666 0.654866
vt 0.021011 0.654806
vt 0.024519 0.337312
vt 0.019264 0.654760
vt 0.021366 0.337307
vt 0.891292 0.970032
vt 0.816948 0.643815
vt 0.889449 0.969906
vt 0.813645 0.643563
vt 0.888744 0.969872
vt 0.810342 0.643311
vt 0.326255 0.009678
vt 0.324850 0.327011
vt 0.327994 0.009724
vt 0.326427 0.327013
vt 0.987614 0.341603
vt 0.831269 0.644913
vt 0.904798 0.971062
vt 0.833052 0.645063
vt 0.906582 0.971213
vt 0.283106 0.655189
vt 0.807462 0.341134
vt 0.732101 0.665015
vt 0.298631 0.655257
vt 0.296884 0.655211
vt 0.711654 0.667737
vt 0.791143 0.342159
vt 0.792034 0.342126
vt 0.714283 0.666186
vt 0.794008 0.342015
vt 0.716952 0.666012
vt 0.311320 0.325649
vt 0.312477 0.009669
vt 0.691617 0.989094
vt 0.693461 0.989205
vt 0.005486 0.654738
vt 0.006253 0.338660
vt 0.708759 0.990263
vt 0.706975 0.990127
vn 0.0000 0.0000 1.0000
vn 0.0000 0.0000 -1.0000
vn -0.9523 0.3050 0.0000
vn 0.0000 1.0000 -0.0000
vn -1.0000 0.0000 0.0000
vn 0.9523 -0.3050 0.0000
vn -0.0386 0.0548 -0.9978
vn 0.9879 0.1554 0.0000
vn -0.0387 0.0122 0.9992
vn 1.0000 0.0000 0.0000
vn 0.9558 -0.2823 -0.0824
vn 0.9535 -0.3014 -0.0000
vn -0.9879 -0.1554 -0.0000
vn -0.9959 -0.0901 0.0000
vn 0.0104 0.0008 0.9999
vn 0.0000 -1.0000 0.0000
vn 0.0987 -0.0074 0.9951
vn 0.9615 0.2747 0.0000
vn -0.9615 -0.2747 0.0000
vn -0.9791 -0.2034 0.0000
vn 0.9791 0.2034 0.0000
vn 0.2333 0.9724 0.0000
vn 0.6022 0.7983 0.0000
vn 0.8709 0.4915 0.0000
vn -0.2679 0.9634 0.0000
vn -0.7983 0.6022 0.0000
vn -1.0000 -0.0070 0.0000
vn 0.0452 0.0452 -0.9980
vn 0.9127 -0.2919 0.2859
vn 0.9824 0.1496 -0.1120
vn 0.3279 -0.1046 -0.9389
vn -0.9820 0.1482 -0.1170
vn -0.9820 0.1482 0.1170
vn -0.8338 0.5030 -0.2276
vn 0.0452 0.0452 0.9980
vn -0.5743 0.5728 -0.5849
vn -0.2406 0.3341 -0.9113
vn -0.2406 0.3349 0.9110
vn -0.5743 0.5728 0.5849
vn -0.8338 0.5030 0.2276
vn -0.3045 -0.2293 0.9245
vn 0.9772 0.2121 -0.0069
vn 0.2500 -0.1930 0.9488
vn 0.6769 -0.2605 0.6884
vn 0.9648 0.0023 0.2629
vn -0.8457 -0.4813 0.2305
vn -0.5824 -0.5569 0.5922
vn -0.2411 -0.3238 0.9149
vn -0.2411 -0.3238 -0.9149
vn -0.5824 -0.5569 -0.5922
vn -0.8457 -0.4813 -0.2305
vn 0.9648 0.0023 -0.2629
vn 0.6769 -0.2605 -0.6884
vn 0.2500 -0.1930 -0.9488
vn 0.5207 0.1141 0.8461
vn 0.3289 0.0645 0.9422
vn 0.1123 0.0201 0.9935
vn -0.9539 -0.1501 0.2599
vn -0.6970 -0.1096 0.7086
vn -0.2547 -0.0401 0.9662
vn 0.2547 0.0401 -0.9662
vn 0.6970 0.1096 -0.7086
vn 0.9539 0.1501 -0.2599
vn -0.2547 -0.0401 -0.9662
vn -0.6970 -0.1096 -0.7086
vn -0.9539 -0.1501 -0.2599
vn 0.2545 0.0528 -0.9656
vn 0.6938 0.1441 -0.7056
vn 0.9460 0.1965 -0.2578
vn -0.2545 -0.0528 0.9656
vn -0.6938 -0.1441 0.7056
vn -0.9460 -0.1965 0.2578
vn 0.9460 0.1965 0.2578
vn 0.6938 0.1441 0.7056
vn 0.2545 0.0528 0.9656
vn -0.9460 -0.1965 -0.2578
vn -0.6938 -0.1441 -0.7056
vn -0.2545 -0.0528 -0.9656
vn -0.6667 0.3333 0.6667
vn -0.6667 0.3333 -0.6667
vn 0.0061 -0.0779 -0.9969
vn -0.9116 -0.2560 -0.3217
vn 0.8464 -0.4378 0.3033
vn 0.3482 0.8704 0.3482
vn 0.0172 0.2290 -0.9733
vn 0.3482 0.8704 -0.3482
vn -0.6845 0.2174 -0.6959
vn -0.6845 0.2174 0.6959
vn 0.9659 0.0000 -0.2588
vn 0.7071 0.0000 -0.7071
vn 0.2588 0.0000 -0.9659
vn -0.9659 0.0000 -0.2588
vn -0.7071 0.0000 -0.7071
vn -0.2588 0.0000 -0.9659
vn -0.2588 0.0000 0.9659
vn -0.7071 0.0000 0.7071
vn -0.9659 0.0000 0.2588
vn 0.2588 0.0000 0.9659
vn 0.7071 0.0000 0.7071
vn 0.9659 0.0000 0.2588
vn -0.8111 0.2433 -0.5319
vn -0.8993 0.2815 -0.3347
vn -0.9465 0.3019 -0.1141
vn 0.1086 -0.0360 0.9934
vn 0.3179 -0.1083 0.9419
vn 0.5030 -0.1775 0.8458
vn 0.9400 -0.3019 -0.1587
vn 0.8431 -0.2732 -0.4633
vn 0.6493 -0.2150 -0.7295
vn -0.2465 0.0789 0.9659
vn -0.6734 0.2157 0.7071
vn -0.9199 0.2946 0.2588
vn -0.2495 0.0788 -0.9652
vn -0.6783 0.2155 -0.7024
vn -0.9211 0.2940 -0.2553
vn 0.6115 -0.2109 -0.7626
vn 0.3562 -0.1207 -0.9266
vn 0.1298 -0.0432 -0.9906
vn 0.9205 -0.2958 0.2551
vn 0.6778 -0.2189 0.7019
vn 0.2494 -0.0809 0.9650
vn -0.9211 0.2940 0.2553
vn -0.6783 0.2155 0.7024
vn -0.2494 0.0788 0.9652
usemtl Material
s off
f 1245/1093/1003 1250/1094/1003 1262/1095/1003 1265/1096/1003
f 1345/1097/1004 1344/1098/1004 1410/1099/1004 1409/1100/1004 1227/1101/1004 1140/1102/1004
f 1443/1103/1005 1246/1104/1005 1342/1105/1005 1325/1106/1005 1368/1107/1005
f 1007/1108/1004 1374/1109/1004 1373/1110/1004 1170/1111/1004 1171/1112/1004
f 1437/1113/1004 1242/1114/1004 1255/1115/1004 1454/1116/1004 1321/1117/1004 1314/1118/1004
f 1309/1119/1006 1311/1120/1006 1312/1121/1006 1310/1122/1006 1381/1123/1006 1383/1124/1006 1384/1125/1006 1382/1126/1006 1359/1127/1006 1361/1128/1006 1362/1129/1006 1360/1130/1006 1355/1131/1006 1357/1132/1006 1358/1133/1006 1356/1134/1006
f 1348/1135/1005 1241/1136/1005 1438/1137/1005 1313/1138/1005 1318/1139/1005
f 1388/1140/1003 1387/1141/1003 1032/1142/1003 1198/1143/1003 1199/1144/1003
f 984/1145/1007 983/1146/1007 1128/1147/1007 1129/1148/1007
f 1010/1149/1004 1009/1150/1004 1173/1151/1004 1174/1152/1004
f 983/1146/1007 982/1153/1007 1127/1154/1007 1128/1147/1007
f 1009/1150/1004 1008/1155/1004 1172/1156/1004 1173/1151/1004
f 982/1153/1007 981/1157/1007 1126/1158/1007 1127/1154/1007
f 1008/1155/1004 1007/1108/1004 1171/1112/1004 1172/1156/1004
f 1399/1159/1004 1330/1160/1004 1355/1161/1004 1360/1162/1004
f 1406/1163/1008 1251/1164/1008 1450/1165/1008 1377/1166/1008 1434/1167/1008
f 1394/1168/1009 1393/1169/1009 1392/1170/1009 1033/1171/1009 1201/1172/1009 1200/1173/1009
f 1396/1174/1010 1395/1175/1010 1256/1176/1010 1274/1177/1010 1087/1178/1010
f 1335/1179/1003 1415/1180/1003 1421/1181/1003 1364/1182/1003
f 1072/1183/1011 1407/1184/1011 1408/1185/1011 1409/1186/1011 1227/1187/1011 1228/1188/1011
f 1048/1189/1007 1046/1190/1007 1214/1191/1007 1215/1192/1007
f 1047/1193/1012 1049/1194/1012 1157/1195/1012 1156/1196/1012
f 1050/1197/1007 1048/1189/1007 1215/1192/1007 1216/1198/1007
f 1403/1199/1012 1402/1200/1012 1047/1193/1012 1156/1196/1012 1155/1201/1012
f 1049/1194/1012 1051/1202/1012 1158/1203/1012 1157/1195/1012
f 1044/1204/1004 1045/1205/1004 1213/1206/1004 1212/1207/1004
f 1052/1208/1007 1050/1197/1007 1216/1198/1007 1217/1209/1007
f 1043/1210/1004 1044/1204/1004 1212/1207/1004 1211/1211/1004
f 1051/1202/1012 1053/1212/1012 1159/1213/1012 1158/1203/1012
f 1042/1214/1004 1043/1210/1004 1211/1211/1004 1210/1215/1004
f 1054/1216/1007 1052/1208/1007 1217/1209/1007 1218/1217/1007
f 1041/1218/1004 1042/1214/1004 1210/1215/1004 1209/1219/1004
f 1053/1212/1012 1055/1220/1012 1160/1221/1012 1159/1213/1012
f 1040/1222/1004 1041/1218/1004 1209/1219/1004 1208/1223/1004
f 1056/1224/1007 1054/1216/1007 1218/1217/1007 1219/1225/1007
f 1039/1226/1004 1040/1222/1004 1208/1223/1004 1207/1227/1004
f 1363/1228/1006 1365/1229/1006 1366/1230/1006 1364/1231/1006 1421/1232/1006 1423/1233/1006 1424/1234/1006 1422/1235/1006 1425/1236/1006 1427/1237/1006 1428/1238/1006 1426/1239/1006 1301/1240/1006 1303/1241/1006 1304/1242/1006 1302/1243/1006
f 1055/1220/1012 1057/1244/1012 1161/1245/1012 1160/1221/1012
f 1038/1246/1004 1039/1226/1004 1207/1227/1004 1206/1247/1004
f 1058/1248/1007 1056/1224/1007 1219/1225/1007 1220/1249/1007
f 1037/1250/1004 1038/1246/1004 1206/1247/1004 1205/1251/1004
f 1057/1244/1012 1059/1252/1012 1162/1253/1012 1161/1245/1012
f 1036/1254/1004 1037/1250/1004 1205/1251/1004 1204/1255/1004
f 1060/1256/1007 1058/1248/1007 1220/1249/1007 1221/1257/1007
f 1338/1258/1007 1337/1259/1007 993/1260/1007 1138/1261/1007 1139/1262/1007
f 1035/1263/1004 1036/1254/1004 1204/1255/1004 1203/1264/1004
f 1059/1252/1012 1061/1265/1012 1163/1266/1012 1162/1253/1012
f 1034/1267/1004 1035/1263/1004 1203/1264/1004 1202/1268/1004
f 1062/1269/1007 1060/1256/1007 1221/1257/1007 1222/1270/1007
f 1033/1171/1004 1034/1267/1004 1202/1268/1004 1201/1172/1004
f 1061/1265/1012 1063/1271/1012 1164/1272/1012 1163/1266/1012
f 981/1157/1007 1332/1273/1007 1331/1274/1007 1125/1275/1007 1126/1158/1007
f 1305/1276/1007 1336/1277/1007 1363/1278/1007 1302/1279/1007
f 1331/1280/1003 1330/1281/1003 1399/1282/1003 1403/1283/1003 1155/1284/1003 1125/1285/1003
f 1409/1286/1013 1410/1287/1013 1411/1288/1013 1406/1163/1013 1251/1164/1013 1252/1289/1013 1184/1290/1013 1227/1291/1013
f 1257/1292/1014 1256/1176/1014 1395/1175/1014 1394/1293/1014 1200/1294/1014 1185/1295/1014
f 1064/1296/1007 1062/1269/1007 1222/1270/1007 1223/1297/1007
f 1241/1136/1015 1348/1135/1015 1352/1298/1015 1085/1299/1015 1269/1300/1015
f 1063/1271/1012 1065/1301/1012 1165/1302/1012 1164/1272/1012
f 1403/1303/1016 1402/1304/1016 1401/1305/1016 1400/1306/1016 1385/1307/1016 1388/1308/1016 1199/1309/1016 1155/1310/1016
f 1066/1311/1007 1064/1296/1007 1223/1297/1007 1224/1312/1007
f 1352/1313/1017 1351/1314/1017 1350/1315/1017 1349/1316/1017 1391/1317/1017 1396/1318/1017 1087/1319/1017 1085/1320/1017
f 1032/1142/1003 1031/1321/1003 1197/1322/1003 1198/1143/1003
f 1065/1301/1012 1067/1323/1012 1166/1324/1012 1165/1302/1012
f 1006/1325/1012 1005/1326/1012 1152/1327/1012 1153/1328/1012
f 1031/1321/1003 1030/1329/1003 1196/1330/1003 1197/1322/1003
f 1068/1331/1007 1066/1311/1007 1224/1312/1007 1225/1332/1007
f 1005/1326/1012 1004/1333/1012 1151/1334/1012 1152/1327/1012
f 1085/1320/1003 1087/1319/1003 1091/1335/1003 1089/1336/1003
f 1284/1337/1003 1283/1338/1003 1277/1339/1003 1279/1340/1003 1093/1341/1003 1095/1342/1003 1096/1343/1003 1094/1344/1003 1109/1345/1003 1111/1346/1003 1112/1347/1003 1110/1348/1003
f 1265/1096/1003 1262/1095/1003 1277/1339/1003 1283/1338/1003
f 1350/1349/1012 1351/1350/1012 1006/1325/1012 1153/1328/1012 1154/1351/1012
f 1429/1352/1018 1431/1353/1018 1432/1354/1018 1430/1355/1018 1317/1356/1018 1319/1357/1018 1320/1358/1018 1318/1359/1018 1313/1360/1018 1315/1361/1018 1316/1362/1018 1314/1363/1018 1321/1364/1018 1323/1365/1018 1324/1366/1018 1322/1367/1018
f 1394/1368/1019 1395/1369/1019 1396/1318/1019 1391/1317/1019 1349/1316/1019 1350/1315/1019 1154/1370/1019 1200/1371/1019
f 1373/1372/1016 1372/1373/1016 1414/1374/1016 1418/1375/1016 1417/1376/1016 1416/1377/1016 1169/1378/1016 1170/1379/1016
f 1020/1380/1003 1258/1381/1003 1257/1382/1003 1185/1383/1003 1186/1384/1003
f 1091/1385/1020 1292/1386/1020 1294/1387/1020 1098/1388/1020 1102/1389/1020
f 1089/1390/1021 1090/1391/1021 1122/1392/1021 1113/1393/1021
f 1269/1300/1022 1085/1299/1022 1089/1390/1022 1288/1394/1022
f 1261/1395/1023 1088/1396/1023 1092/1397/1023 1278/1398/1023
f 1086/1399/1022 1266/1400/1022 1282/1401/1022 1090/1391/1022
f 1088/1402/1004 1086/1403/1004 1090/1404/1004 1092/1405/1004
f 1087/1178/1023 1274/1177/1023 1292/1386/1023 1091/1385/1023
f 1273/1406/1004 1270/1407/1004 1287/1408/1004 1293/1409/1004
f 1090/1391/1021 1282/1401/1021 1284/1410/1021 1110/1411/1021 1122/1392/1021
f 1279/1412/1020 1278/1398/1020 1092/1397/1020 1105/1413/1020 1093/1414/1020
f 1289/1415/1021 1288/1394/1021 1089/1390/1021 1113/1393/1021 1117/1416/1021
f 1294/1417/1004 1293/1409/1004 1287/1408/1004 1289/1418/1004 1117/1419/1004 1119/1420/1004 1120/1421/1004 1118/1422/1004 1097/1423/1004 1099/1424/1004 1100/1425/1004 1098/1426/1004
f 1102/1389/1020 1105/1413/1020 1092/1397/1020 1091/1385/1020
f 1091/1427/1018 1092/1428/1018 1090/1429/1018 1089/1430/1018
f 1114/1431/1006 1121/1432/1006 1106/1433/1006 1101/1434/1006
f 1097/1435/1024 1101/1434/1024 1103/1436/1024 1099/1437/1024
f 1099/1437/1025 1103/1436/1025 1104/1438/1025 1100/1439/1025
f 1100/1440/1026 1104/1441/1026 1102/1389/1026 1098/1388/1026
f 1106/1433/1024 1094/1442/1024 1096/1443/1024 1108/1444/1024
f 1108/1444/1025 1096/1443/1025 1095/1445/1025 1107/1446/1025
f 1107/1447/1026 1095/1448/1026 1093/1414/1026 1105/1413/1026
f 1101/1434/1024 1106/1433/1024 1108/1444/1024 1103/1436/1024
f 1103/1436/1025 1108/1444/1025 1107/1446/1025 1104/1438/1025
f 1104/1441/1026 1107/1447/1026 1105/1413/1026 1102/1389/1026
f 1097/1435/1006 1118/1449/1006 1114/1431/1006 1101/1434/1006
f 1114/1431/1027 1118/1449/1027 1120/1450/1027 1116/1451/1027
f 1116/1452/1028 1120/1453/1028 1119/1454/1028 1115/1455/1028
f 1115/1455/1029 1119/1454/1029 1117/1416/1029 1113/1393/1029
f 1109/1456/1027 1121/1432/1027 1123/1457/1027 1111/1458/1027
f 1111/1459/1028 1123/1460/1028 1124/1461/1028 1112/1462/1028
f 1112/1462/1029 1124/1461/1029 1122/1392/1029 1110/1411/1029
f 1121/1432/1027 1114/1431/1027 1116/1451/1027 1123/1457/1027
f 1123/1460/1028 1116/1452/1028 1115/1455/1028 1124/1461/1028
f 1124/1461/1029 1115/1455/1029 1113/1393/1029 1122/1392/1029
f 1106/1433/1006 1121/1432/1006 1109/1456/1006 1094/1442/1006
f 994/1463/1012 1341/1464/1012 1345/1465/1012 1140/1466/1012 1141/1467/1012
f 1371/1468/1004 1306/1469/1004 1301/1470/1004 1426/1471/1004
f 1449/1472/1003 1250/1094/1003 1245/1093/1003 1444/1473/1003 1367/1474/1003 1378/1475/1003
f 1329/1476/1007 1298/1477/1007 1309/1478/1007 1356/1479/1007
f 1045/1205/1030 1401/1480/1030 1402/1481/1030 1403/1482/1030 1155/1483/1030 1213/1206/1030
f 1433/1484/1018 1435/1485/1018 1436/1486/1018 1434/1487/1018 1377/1488/1018 1379/1489/1018 1380/1490/1018 1378/1491/1018 1367/1492/1018 1369/1493/1018 1370/1494/1018 1368/1495/1018 1325/1496/1018 1327/1497/1018 1328/1498/1018 1326/1499/1018
f 1385/1500/1012 1400/1501/1012 1359/1502/1012 1382/1503/1012
f 1453/1504/1031 1258/1505/1031 1257/1292/1031 1256/1176/1031 1395/1175/1031 1396/1174/1031 1391/1506/1031 1429/1507/1031 1322/1508/1031
f 1255/1115/1004 1242/1114/1004 1270/1407/1004 1273/1406/1004
f 1252/1509/1004 1249/1510/1004 1019/1511/1004 1183/1512/1004 1184/1513/1004
f 1200/1514/1006 1154/1515/1006 1153/1516/1006 1214/1517/1006
f 1214/1517/1006 1153/1516/1006 1152/1518/1006 1215/1519/1006
f 1215/1519/1006 1152/1518/1006 1151/1520/1006 1216/1521/1006
f 1216/1521/1006 1151/1520/1006 1150/1522/1006 1217/1523/1006
f 1217/1523/1006 1150/1522/1006 1149/1524/1006 1218/1525/1006
f 1218/1525/1006 1149/1524/1006 1148/1526/1006 1219/1527/1006
f 1219/1527/1006 1148/1526/1006 1147/1528/1006 1220/1529/1006
f 1220/1529/1006 1147/1528/1006 1146/1530/1006 1221/1531/1006
f 1221/1531/1006 1146/1530/1006 1145/1532/1006 1222/1533/1006
f 1222/1533/1006 1145/1532/1006 1144/1534/1006 1223/1535/1006
f 1223/1535/1006 1144/1534/1006 1143/1536/1006 1224/1537/1006
f 1224/1537/1006 1143/1536/1006 1142/1538/1006 1225/1539/1006
f 1225/1539/1006 1142/1538/1006 1141/1540/1006 1226/1541/1006
f 1226/1541/1006 1141/1540/1006 1140/1542/1006 1227/1543/1006
f 1138/1544/1006 1168/1545/1006 1169/1546/1006 1139/1547/1006
f 1137/1548/1006 1167/1549/1006 1168/1545/1006 1138/1544/1006
f 1136/1550/1006 1166/1551/1006 1167/1549/1006 1137/1548/1006
f 1135/1552/1006 1165/1553/1006 1166/1551/1006 1136/1550/1006
f 1134/1554/1006 1164/1555/1006 1165/1553/1006 1135/1552/1006
f 1133/1556/1006 1163/1557/1006 1164/1555/1006 1134/1554/1006
f 1132/1558/1006 1162/1559/1006 1163/1557/1006 1133/1556/1006
f 1131/1560/1006 1161/1561/1006 1162/1559/1006 1132/1558/1006
f 1130/1562/1006 1160/1563/1006 1161/1561/1006 1131/1560/1006
f 1129/1564/1006 1159/1565/1006 1160/1563/1006 1130/1562/1006
f 1128/1566/1006 1158/1567/1006 1159/1565/1006 1129/1564/1006
f 1127/1568/1006 1157/1569/1006 1158/1567/1006 1128/1566/1006
f 1126/1570/1006 1156/1571/1006 1157/1569/1006 1127/1568/1006
f 1125/1572/1006 1155/1573/1006 1156/1571/1006 1126/1570/1006
f 1199/1574/1006 1198/1575/1006 1213/1576/1006 1155/1577/1006
f 1198/1575/1006 1197/1578/1006 1212/1579/1006 1213/1576/1006
f 1197/1578/1006 1196/1580/1006 1211/1581/1006 1212/1579/1006
f 1196/1580/1006 1195/1582/1006 1210/1583/1006 1211/1581/1006
f 1195/1582/1006 1194/1584/1006 1209/1585/1006 1210/1583/1006
f 1194/1584/1006 1193/1586/1006 1208/1587/1006 1209/1585/1006
f 1193/1586/1006 1192/1588/1006 1207/1589/1006 1208/1587/1006
f 1192/1588/1006 1191/1590/1006 1206/1591/1006 1207/1589/1006
f 1191/1590/1006 1190/1592/1006 1205/1593/1006 1206/1591/1006
f 1190/1592/1006 1189/1594/1006 1204/1595/1006 1205/1593/1006
f 1189/1594/1006 1188/1596/1006 1203/1597/1006 1204/1595/1006
f 1188/1596/1006 1187/1598/1006 1202/1599/1006 1203/1597/1006
f 1187/1598/1006 1186/1600/1006 1201/1601/1006 1202/1599/1006
f 1186/1600/1006 1185/1602/1006 1200/1603/1006 1201/1601/1006
f 1169/1604/1006 1240/1605/1006 1171/1606/1006 1170/1607/1006
f 1240/1605/1006 1239/1608/1006 1172/1609/1006 1171/1606/1006
f 1239/1608/1006 1238/1610/1006 1173/1611/1006 1172/1609/1006
f 1238/1610/1006 1237/1612/1006 1174/1613/1006 1173/1611/1006
f 1237/1612/1006 1236/1614/1006 1175/1615/1006 1174/1613/1006
f 1236/1614/1006 1235/1616/1006 1176/1617/1006 1175/1615/1006
f 1235/1616/1006 1234/1618/1006 1177/1619/1006 1176/1617/1006
f 1234/1618/1006 1233/1620/1006 1178/1621/1006 1177/1619/1006
f 1233/1620/1006 1232/1622/1006 1179/1623/1006 1178/1621/1006
f 1232/1622/1006 1231/1624/1006 1180/1625/1006 1179/1623/1006
f 1231/1624/1006 1230/1626/1006 1181/1627/1006 1180/1625/1006
f 1230/1626/1006 1229/1628/1006 1182/1629/1006 1181/1627/1006
f 1229/1628/1006 1228/1630/1006 1183/1631/1006 1182/1629/1006
f 1228/1630/1006 1227/1632/1006 1184/1633/1006 1183/1631/1006
f 1011/1634/1004 1010/1149/1004 1174/1152/1004 1175/1635/1004
f 985/1636/1007 984/1145/1007 1129/1148/1007 1130/1637/1007
f 1012/1638/1004 1011/1634/1004 1175/1635/1004 1176/1639/1004
f 986/1640/1007 985/1636/1007 1130/1637/1007 1131/1641/1007
f 1013/1642/1004 1012/1638/1004 1176/1639/1004 1177/1643/1004
f 987/1644/1007 986/1640/1007 1131/1641/1007 1132/1645/1007
f 1411/1646/1004 1410/1099/1004 1344/1098/1004 1343/1647/1004 1086/1403/1004 1088/1402/1004
f 1014/1648/1004 1013/1642/1004 1177/1643/1004 1178/1649/1004
f 988/1650/1007 987/1644/1007 1132/1645/1007 1133/1651/1007
f 1249/1652/1032 1252/1289/1032 1251/1164/1032 1406/1163/1032 1411/1288/1032 1088/1396/1032 1261/1395/1032
f 1015/1653/1004 1014/1648/1004 1178/1649/1004 1179/1654/1004
f 989/1655/1007 988/1650/1007 1133/1651/1007 1134/1656/1007
f 1073/1657/1003 1072/1183/1003 1228/1188/1003 1229/1658/1003
f 1016/1659/1004 1015/1653/1004 1179/1654/1004 1180/1660/1004
f 990/1661/1007 989/1655/1007 1134/1656/1007 1135/1662/1007
f 1074/1663/1003 1073/1657/1003 1229/1658/1003 1230/1664/1003
f 1017/1665/1004 1016/1659/1004 1180/1660/1004 1181/1666/1004
f 991/1667/1007 990/1661/1007 1135/1662/1007 1136/1668/1007
f 1075/1669/1003 1074/1663/1003 1230/1664/1003 1231/1670/1003
f 1018/1671/1004 1017/1665/1004 1181/1666/1004 1182/1672/1004
f 992/1673/1007 991/1667/1007 1136/1668/1007 1137/1674/1007
f 1076/1675/1003 1075/1669/1003 1231/1670/1003 1232/1676/1003
f 1019/1511/1004 1018/1671/1004 1182/1672/1004 1183/1512/1004
f 1341/1677/1033 1345/1097/1033 1344/1098/1033 1410/1099/1033 1411/1646/1033 1406/1678/1033 1433/1679/1033 1326/1680/1033
f 993/1260/1007 992/1673/1007 1137/1674/1007 1138/1261/1007
f 1077/1681/1003 1076/1675/1003 1232/1676/1003 1233/1682/1003
f 1409/1683/1034 1408/1684/1034 1070/1685/1034 1226/1686/1034 1227/1687/1034
f 1416/1688/1004 1415/1689/1004 1335/1690/1004 1338/1691/1004 1139/1692/1004 1169/1693/1004
f 1078/1694/1003 1077/1681/1003 1233/1682/1003 1234/1695/1003
f 1079/1696/1003 1078/1694/1003 1234/1695/1003 1235/1697/1003
f 1343/1698/1015 1342/1105/1015 1246/1104/1015 1266/1400/1015 1086/1399/1015
f 1080/1699/1003 1079/1696/1003 1235/1697/1003 1236/1700/1003
f 1046/1190/1035 1393/1701/1035 1394/1702/1035 1200/1703/1035 1214/1191/1035
f 995/1704/1012 994/1463/1012 1141/1467/1012 1142/1705/1012
f 1081/1706/1003 1080/1699/1003 1236/1700/1003 1237/1707/1003
f 1021/1708/1003 1020/1380/1003 1186/1384/1003 1187/1709/1003
f 1414/1710/1012 1372/1711/1012 1425/1712/1012 1422/1713/1012
f 996/1714/1012 995/1704/1012 1142/1705/1012 1143/1715/1012
f 1082/1716/1003 1081/1706/1003 1237/1707/1003 1238/1717/1003
f 1022/1718/1003 1021/1708/1003 1187/1709/1003 1188/1719/1003
f 997/1720/1012 996/1714/1012 1143/1715/1012 1144/1721/1012
f 1083/1722/1003 1082/1716/1003 1238/1717/1003 1239/1723/1003
f 1023/1724/1003 1022/1718/1003 1188/1719/1003 1189/1725/1003
f 998/1726/1012 997/1720/1012 1144/1721/1012 1145/1727/1012
f 1084/1728/1003 1083/1722/1003 1239/1723/1003 1240/1729/1003
f 1024/1730/1003 1023/1724/1003 1189/1725/1003 1190/1731/1003
f 999/1732/1012 998/1726/1012 1145/1727/1012 1146/1733/1012
f 1241/1136/1036 1243/1734/1036 1439/1735/1036 1438/1137/1036
f 1025/1736/1003 1024/1730/1003 1190/1731/1003 1191/1737/1003
f 1000/1738/1012 999/1732/1012 1146/1733/1012 1147/1739/1012
f 1416/1740/1037 1417/1741/1037 1418/1742/1037 1084/1728/1037 1240/1729/1037 1169/1743/1037
f 1026/1744/1003 1025/1736/1003 1191/1737/1003 1192/1745/1003
f 1001/1746/1012 1000/1738/1012 1147/1739/1012 1148/1747/1012
f 1071/1748/1012 1417/1749/1012 1416/1750/1012 1169/1751/1012 1168/1752/1012
f 1027/1753/1003 1026/1744/1003 1192/1745/1003 1193/1754/1003
f 1002/1755/1012 1001/1746/1012 1148/1747/1012 1149/1756/1012
f 1069/1757/1012 1071/1748/1012 1168/1752/1012 1167/1758/1012
f 1028/1759/1003 1027/1753/1003 1193/1754/1003 1194/1760/1003
f 1003/1761/1012 1002/1755/1012 1149/1756/1012 1150/1762/1012
f 1070/1685/1007 1068/1331/1007 1225/1332/1007 1226/1686/1007
f 1029/1763/1003 1028/1759/1003 1194/1760/1003 1195/1764/1003
f 1004/1333/1012 1003/1761/1012 1150/1762/1012 1151/1334/1012
f 1067/1323/1012 1069/1757/1012 1167/1758/1012 1166/1324/1012
f 1030/1329/1003 1029/1763/1003 1195/1764/1003 1196/1330/1003
f 1243/1765/1038 1244/1766/1038 1440/1767/1038 1439/1768/1038
f 1244/1769/1039 1242/1114/1039 1437/1113/1039 1440/1770/1039
f 1245/1093/1040 1247/1771/1040 1445/1772/1040 1444/1473/1040
f 1247/1771/1041 1248/1773/1041 1446/1774/1041 1445/1772/1041
f 1248/1775/1042 1246/1104/1042 1443/1103/1042 1446/1776/1042
f 1249/1777/1043 1253/1778/1043 1254/1779/1043 1250/1094/1043 1449/1472/1043 1451/1780/1043 1452/1781/1043 1450/1782/1043 1251/1783/1043 1252/1784/1043
f 1255/1785/1044 1259/1786/1044 1260/1787/1044 1256/1176/1044 1257/1292/1044 1258/1505/1044 1453/1504/1044 1455/1788/1044 1456/1789/1044 1454/1790/1044
f 1277/1339/1045 1280/1791/1045 1279/1340/1045
f 1280/1791/1046 1281/1792/1046 1279/1340/1046
f 1281/1793/1047 1278/1398/1047 1279/1412/1047
f 1282/1401/1048 1285/1794/1048 1284/1410/1048
f 1285/1794/1049 1286/1795/1049 1284/1410/1049
f 1286/1796/1050 1283/1338/1050 1284/1337/1050
f 1287/1408/1051 1290/1797/1051 1289/1418/1051
f 1290/1798/1052 1291/1799/1052 1289/1415/1052
f 1291/1799/1053 1288/1394/1053 1289/1415/1053
f 1292/1386/1054 1295/1800/1054 1294/1387/1054
f 1295/1801/1055 1296/1802/1055 1294/1417/1055
f 1296/1802/1056 1293/1409/1056 1294/1417/1056
f 1249/1777/1057 1261/1803/1057 1263/1804/1057 1253/1778/1057
f 1253/1778/1058 1263/1804/1058 1264/1805/1058 1254/1779/1058
f 1254/1779/1059 1264/1805/1059 1262/1095/1059 1250/1094/1059
f 1266/1400/1060 1246/1104/1060 1248/1775/1060 1268/1806/1060
f 1268/1807/1061 1248/1773/1061 1247/1771/1061 1267/1808/1061
f 1267/1808/1062 1247/1771/1062 1245/1093/1062 1265/1096/1062
f 1255/1115/1063 1273/1406/1063 1275/1809/1063 1259/1810/1063
f 1259/1810/1064 1275/1809/1064 1276/1811/1064 1260/1812/1064
f 1260/1787/1065 1276/1813/1065 1274/1177/1065 1256/1176/1065
f 1270/1407/1066 1242/1114/1066 1244/1769/1066 1272/1814/1066
f 1272/1815/1067 1244/1816/1067 1243/1734/1067 1271/1817/1067
f 1271/1817/1068 1243/1734/1068 1241/1136/1068 1269/1300/1068
f 1273/1406/1069 1293/1409/1069 1296/1802/1069 1275/1809/1069
f 1275/1809/1070 1296/1802/1070 1295/1801/1070 1276/1811/1070
f 1276/1813/1071 1295/1800/1071 1292/1386/1071 1274/1177/1071
f 1265/1096/1072 1283/1338/1072 1286/1796/1072 1267/1808/1072
f 1267/1808/1073 1286/1796/1073 1285/1818/1073 1268/1807/1073
f 1268/1806/1074 1285/1794/1074 1282/1401/1074 1266/1400/1074
f 1261/1395/1075 1278/1398/1075 1281/1793/1075 1263/1819/1075
f 1263/1804/1076 1281/1792/1076 1280/1791/1076 1264/1805/1076
f 1264/1805/1077 1280/1791/1077 1277/1339/1077 1262/1095/1077
f 1269/1300/1078 1288/1394/1078 1291/1799/1078 1271/1817/1078
f 1271/1817/1079 1291/1799/1079 1290/1798/1079 1272/1815/1079
f 1272/1814/1080 1290/1797/1080 1287/1408/1080 1270/1407/1080
f 1391/1317/1003 1349/1316/1003 1317/1820/1003 1430/1821/1003
f 1329/1476/1081 1333/1822/1081 1334/1823/1081 1330/1824/1081 1331/1274/1081 1332/1273/1081
f 1335/1825/1082 1339/1826/1082 1340/1827/1082 1336/1277/1082 1337/1259/1082 1338/1258/1082
f 1341/1677/1083 1346/1828/1083 1347/1829/1083 1342/1830/1083 1343/1647/1083 1344/1098/1083 1345/1097/1083
f 1348/1135/1084 1353/1831/1084 1354/1832/1084 1349/1833/1084 1350/1834/1084 1351/1835/1084 1352/1298/1084
f 1371/1836/1082 1375/1837/1082 1376/1838/1082 1372/1373/1082 1373/1372/1082 1374/1839/1082
f 1385/1307/1081 1389/1840/1081 1390/1841/1081 1386/1842/1081 1387/1843/1081 1388/1308/1081
f 1391/1506/1085 1397/1844/1085 1398/1845/1085 1392/1846/1085 1393/1847/1085 1394/1293/1085 1395/1175/1085 1396/1174/1085
f 1399/1848/1086 1404/1849/1086 1405/1850/1086 1400/1851/1086 1401/1852/1086 1402/1853/1086 1403/1854/1086
f 1406/1678/1087 1412/1855/1087 1413/1856/1087 1407/1857/1087 1408/1858/1087 1409/1100/1087 1410/1099/1087 1411/1646/1087
f 1414/1859/1088 1419/1860/1088 1420/1861/1088 1415/1862/1088 1416/1863/1088 1417/1864/1088 1418/1865/1088
f 1437/1866/1089 1441/1867/1089 1442/1868/1089 1438/1137/1089 1439/1735/1089 1440/1869/1089
f 1443/1870/1090 1447/1871/1090 1448/1872/1090 1444/1473/1090 1445/1772/1090 1446/1774/1090
f 1359/1502/1091 1400/1501/1091 1405/1873/1091 1361/1874/1091
f 1361/1875/1092 1405/1876/1092 1404/1877/1092 1362/1878/1092
f 1362/1878/1093 1404/1877/1093 1399/1159/1093 1360/1162/1093
f 1329/1476/1094 1356/1479/1094 1358/1879/1094 1333/1822/1094
f 1333/1822/1095 1358/1879/1095 1357/1880/1095 1334/1823/1095
f 1334/1881/1096 1357/1882/1096 1355/1161/1096 1330/1160/1096
f 1297/1883/1097 1310/1884/1097 1312/1885/1097 1299/1886/1097
f 1299/1887/1098 1312/1888/1098 1311/1889/1098 1300/1890/1098
f 1300/1890/1099 1311/1889/1099 1309/1478/1099 1298/1477/1099
f 1371/1468/1093 1426/1471/1093 1428/1891/1093 1375/1892/1093
f 1375/1892/1092 1428/1891/1092 1427/1893/1092 1376/1894/1092
f 1376/1895/1091 1427/1896/1091 1425/1712/1091 1372/1711/1091
f 1421/1181/1100 1415/1180/1100 1420/1897/1100 1423/1898/1100
f 1423/1898/1101 1420/1897/1101 1419/1899/1101 1424/1900/1101
f 1424/1901/1102 1419/1902/1102 1414/1710/1102 1422/1713/1102
f 1305/1276/1094 1302/1279/1094 1304/1903/1094 1307/1904/1094
f 1307/1904/1095 1304/1903/1095 1303/1905/1095 1308/1906/1095
f 1308/1907/1096 1303/1908/1096 1301/1470/1096 1306/1469/1096
f 1363/1278/1099 1336/1277/1099 1340/1827/1099 1365/1909/1099
f 1365/1909/1098 1340/1827/1098 1339/1826/1098 1366/1910/1098
f 1366/1911/1097 1339/1912/1097 1335/1179/1097 1364/1182/1097
f 1381/1913/1100 1386/1914/1100 1390/1915/1100 1383/1916/1100
f 1383/1916/1101 1390/1915/1101 1389/1917/1101 1384/1918/1101
f 1384/1919/1102 1389/1920/1102 1385/1500/1102 1382/1503/1102
f 1341/1921/1103 1326/1922/1103 1328/1923/1103 1346/1924/1103
f 1346/1924/1104 1328/1923/1104 1327/1925/1104 1347/1926/1104
f 1347/1926/1105 1327/1925/1105 1325/1106/1105 1342/1105/1105
f 1391/1317/1106 1430/1821/1106 1432/1927/1106 1397/1928/1106
f 1397/1928/1107 1432/1927/1107 1431/1929/1107 1398/1930/1107
f 1398/1930/1108 1431/1929/1108 1429/1931/1108 1392/1932/1108
f 1406/1163/1109 1434/1167/1109 1436/1933/1109 1412/1934/1109
f 1412/1934/1110 1436/1933/1110 1435/1935/1110 1413/1936/1110
f 1413/1856/1111 1435/1937/1111 1433/1679/1111 1407/1857/1111
f 1317/1820/1112 1349/1316/1112 1354/1938/1112 1319/1939/1112
f 1319/1939/1113 1354/1938/1113 1353/1940/1113 1320/1941/1113
f 1320/1942/1114 1353/1831/1114 1348/1135/1114 1318/1139/1114
f 1437/1113/1115 1314/1118/1115 1316/1943/1115 1441/1944/1115
f 1441/1867/1116 1316/1945/1116 1315/1946/1116 1442/1868/1116
f 1442/1868/1117 1315/1946/1117 1313/1138/1117 1438/1137/1117
f 1453/1947/1118 1322/1948/1118 1324/1949/1118 1455/1950/1118
f 1455/1950/1119 1324/1949/1119 1323/1951/1119 1456/1952/1119
f 1456/1952/1120 1323/1951/1120 1321/1117/1120 1454/1116/1120
f 1377/1166/1121 1450/1165/1121 1452/1953/1121 1379/1954/1121
f 1379/1955/1122 1452/1781/1122 1451/1780/1122 1380/1956/1122
f 1380/1956/1123 1451/1780/1123 1449/1472/1123 1378/1475/1123
f 1443/1103/1124 1368/1107/1124 1370/1957/1124 1447/1958/1124
f 1447/1871/1125 1370/1959/1125 1369/1960/1125 1448/1872/1125
f 1448/1872/1126 1369/1960/1126 1367/1474/1126 1444/1473/1126
f 1297/1883/1003 1386/1914/1003 1381/1913/1003 1310/1884/1003
o dos_Plane
v -1.015540 1.907672 0.918382
v -1.015540 1.907672 0.787185
v -1.015540 1.907672 0.655987
v -1.015540 1.907672 0.524790
v -1.015540 1.907672 0.393592
v -1.015540 1.907672 0.262395
v -1.015540 1.907672 0.131198
v -1.255535 3.277911 0.918382
v -1.255535 3.277911 1.049579
v -0.968366 1.917631 1.049579
v -1.255535 3.277911 0.131198
v -1.255535 3.277911 0.262395
v -1.255535 3.277911 0.393592
v -1.255535 3.277911 0.524790
v -1.255535 3.277911 0.655987
v -1.255535 3.277911 0.787185
v -0.968366 1.917631 0.918382
v -0.968366 1.917631 0.787185
v -0.968366 1.917631 0.655987
v -0.968366 1.917631 0.524790
v -0.968366 1.917631 0.393592
v -0.968366 1.917631 0.262395
v -0.968366 1.917631 0.131198
v -1.190826 3.297829 0.918382
v -1.224700 3.297829 0.131198
v -1.224700 3.297829 0.262395
v -1.224700 3.297829 0.393592
v -1.224700 3.297829 0.524790
v -1.220466 3.297829 0.655987
v -1.211997 3.297829 0.787185
v -0.903658 1.937548 0.918382
v -0.924829 1.937548 0.787185
v -0.933297 1.937548 0.655987
v -0.937531 1.937548 0.524790
v -0.937532 1.937548 0.393592
v -0.937532 1.937548 0.262395
v -0.937532 1.937548 0.131198
v -1.235572 3.282125 1.049579
v -1.178942 3.297829 0.970986
v -1.200758 3.289977 1.039050
v -1.180030 3.295725 1.010283
v -0.891774 1.937548 0.970986
v -0.948404 1.921845 1.049579
v -0.892862 1.935444 1.010283
v -0.913590 1.929697 1.039050
v -1.255535 3.277911 1.049579
v -1.296388 3.269287 0.983981
v -1.279121 3.272932 1.032002
v -0.968366 1.917631 1.049579
v -1.015540 1.907672 0.918382
v -0.991953 1.912651 1.032002
v -1.009220 1.909006 0.983981
v -1.296335 3.237763 0.131198
v -1.259782 3.277014 0.131198
v -1.293771 3.254072 0.131198
v -1.280391 3.268439 0.131198
v -1.296329 3.237736 0.262395
v -1.259743 3.277023 0.262395
v -1.293762 3.254059 0.262395
v -1.280371 3.268439 0.262395
v -1.296319 3.237688 0.393592
v -1.259674 3.277037 0.393592
v -1.293748 3.254037 0.393592
v -1.280335 3.268440 0.393592
v -1.296304 3.237615 0.524790
v -1.259571 3.277059 0.524790
v -1.293727 3.254004 0.524790
v -1.280282 3.268441 0.524790
v -1.296282 3.237512 0.655987
v -1.259424 3.277090 0.655987
v -1.293696 3.253956 0.655987
v -1.280205 3.268443 0.655987
v -1.296252 3.237370 0.787185
v -1.259222 3.277133 0.787185
v -1.293654 3.253891 0.787185
v -1.280100 3.268445 0.787185
v -1.296211 3.237178 0.918382
v -1.258949 3.277190 0.918382
v -1.293597 3.253803 0.918382
v -1.279958 3.268448 0.918382
v -1.302708 3.267952 0.918382
v -1.302708 3.267952 0.918382
v -1.302708 3.267952 0.918382
v -1.302708 3.267952 0.918382
v -1.015540 1.907672 -0.918381
v -1.015540 1.907672 -0.787184
v -1.015540 1.907672 -0.655986
v -1.015540 1.907672 -0.524789
v -1.015540 1.907672 -0.393592
v -1.015540 1.907672 -0.262394
v -1.015540 1.907672 -0.131197
v -1.015540 1.907672 0.000000
v -1.255535 3.277911 -0.918381
v -1.255535 3.277911 -1.049579
v -0.968366 1.917631 -1.049579
v -1.255535 3.277911 0.000000
v -1.255535 3.277911 -0.131197
v -1.255535 3.277911 -0.262394
v -1.255535 3.277911 -0.393592
v -1.255535 3.277911 -0.524789
v -1.255535 3.277911 -0.655986
v -1.255535 3.277911 -0.787184
v -0.968366 1.917631 -0.918381
v -0.968366 1.917631 -0.787184
v -0.968366 1.917631 -0.655986
v -0.968366 1.917631 -0.524789
v -0.968366 1.917631 -0.393592
v -0.968366 1.917631 -0.262394
v -0.968366 1.917631 -0.131197
v -0.968366 1.917631 0.000000
v -1.190826 3.297829 -0.918381
v -1.224700 3.297829 0.000000
v -1.224700 3.297829 -0.131197
v -1.224700 3.297829 -0.262394
v -1.224700 3.297829 -0.393592
v -1.224700 3.297829 -0.524789
v -1.220466 3.297829 -0.655986
v -1.211997 3.297829 -0.787184
v -0.903658 1.937548 -0.918381
v -0.924829 1.937548 -0.787184
v -0.933297 1.937548 -0.655986
v -0.937531 1.937548 -0.524789
v -0.937532 1.937548 -0.393592
v -0.937532 1.937548 -0.262394
v -0.937532 1.937548 -0.131197
v -0.937531 1.937548 0.000000
v -1.235572 3.282125 -1.049579
v -1.178942 3.297829 -0.970986
v -1.200758 3.289977 -1.039049
v -1.180030 3.295725 -1.010282
v -0.891774 1.937548 -0.970986
v -0.948404 1.921845 -1.049579
v -0.892862 1.935444 -1.010282
v -0.913590 1.929697 -1.039049
v -1.255535 3.277911 -1.049579
v -1.296388 3.269287 -0.983980
v -1.279121 3.272932 -1.032001
v -0.968366 1.917631 -1.049579
v -1.015540 1.907672 -0.918381
v -0.991953 1.912651 -1.032001
v -1.009220 1.909006 -0.983980
v -1.296337 3.237772 0.000000
v -1.259795 3.277012 0.000000
v -1.293773 3.254076 0.000000
v -1.280398 3.268439 0.000000
v -1.296335 3.237763 -0.131197
v -1.259782 3.277014 -0.131197
v -1.293771 3.254072 -0.131197
v -1.280391 3.268439 -0.131197
v -1.296329 3.237736 -0.262394
v -1.259743 3.277023 -0.262394
v -1.293762 3.254059 -0.262394
v -1.280371 3.268439 -0.262394
v -1.296319 3.237688 -0.393592
v -1.259674 3.277037 -0.393592
v -1.293748 3.254037 -0.393592
v -1.280335 3.268440 -0.393592
v -1.296304 3.237615 -0.524789
v -1.259571 3.277059 -0.524789
v -1.293727 3.254004 -0.524789
v -1.280282 3.268441 -0.524789
v -1.296282 3.237512 -0.655986
v -1.259424 3.277090 -0.655986
v -1.293696 3.253956 -0.655986
v -1.280205 3.268443 -0.655986
v -1.296252 3.237370 -0.787184
v -1.259222 3.277133 -0.787184
v -1.293654 3.253891 -0.787184
v -1.280100 3.268445 -0.787184
v -1.296211 3.237178 -0.918381
v -1.258949 3.277190 -0.918381
v -1.293597 3.253803 -0.918381
v -1.279958 3.268448 -0.918381
v -1.302708 3.267952 -0.918381
v -1.302708 3.267952 -0.918381
v -1.302708 3.267952 -0.918381
v -1.302708 3.267952 -0.918381
vt 0.000000 0.000000
vt 0.000000 0.000000
vt 0.000000 0.000000
vt 0.000000 0.000000
vt 0.000000 0.000000
vt 0.000000 0.000000
vt 0.000000 0.000000
vt 0.000000 0.000000
vt 0.520480 0.931280
vt 0.520412 0.961879
vt 0.519566 0.961879
vt 0.519566 0.931280
vt 0.520530 0.900682
vt 0.519566 0.900682
vt 0.520566 0.870083
vt 0.519566 0.870083
vt 0.520592 0.839484
vt 0.519566 0.839484
vt 0.520609 0.808885
vt 0.519566 0.808885
vt 0.520619 0.778286
vt 0.519566 0.778286
vt 0.953750 0.466326
vt 0.953750 0.435727
vt 0.965829 0.435727
vt 0.970578 0.466326
vt 0.502765 0.961879
vt 0.507459 0.931280
vt 0.509337 0.900682
vt 0.510276 0.870083
vt 0.510276 0.839484
vt 0.942011 0.343931
vt 0.942011 0.313332
vt 0.953750 0.313332
vt 0.953750 0.343931
vt 0.942011 0.282733
vt 0.953750 0.282733
vt 0.751247 0.482771
vt 0.720603 0.482775
vt 0.720603 0.007217
vt 0.751247 0.007217
vt 0.942011 0.252134
vt 0.953750 0.252134
vt 0.781890 0.482762
vt 0.781890 0.007217
vt 0.531253 0.961879
vt 0.529687 0.977179
vt 0.525410 0.988379
vt 0.519566 0.992478
vt 0.519566 0.992478
vt 0.812534 0.482744
vt 0.812534 0.007217
vt 0.953750 0.496925
vt 0.947881 0.492825
vt 0.943584 0.481625
vt 0.942011 0.466326
vt 0.942011 0.466326
vt 0.953750 0.496925
vt 0.843177 0.482718
vt 0.843177 0.007217
vt 0.873821 0.482681
vt 0.873821 0.007217
vt 0.904464 0.482631
vt 0.904464 0.007217
vt 0.935108 0.482562
vt 0.935108 0.007217
vt 0.942011 0.435727
vt 0.942011 0.405128
vt 0.953750 0.405128
vt 0.942011 0.374529
vt 0.953750 0.374529
vt 0.987946 0.007519
vt 0.987946 0.497100
vt 0.982893 0.497100
vt 0.982893 0.007519
vt 0.464125 0.009874
vt 0.464125 0.499455
vt 0.433669 0.497915
vt 0.433669 0.008334
vt 0.403110 0.497299
vt 0.403110 0.007718
vt 0.372518 0.496991
vt 0.372518 0.007410
vt 0.341891 0.496991
vt 0.341891 0.007410
vt 0.311264 0.496991
vt 0.311264 0.007410
vt 0.280638 0.496991
vt 0.280638 0.007410
vt 0.250011 0.496991
vt 0.250011 0.007410
vt 0.963929 0.405128
vt 0.962979 0.374529
vt 0.962979 0.343931
vt 0.962979 0.313332
vt 0.962979 0.282733
vt 0.519566 0.747688
vt 0.510276 0.778286
vt 0.510276 0.747688
vt 0.962979 0.252134
vt 0.510276 0.808885
vt 0.476309 0.010739
vt 0.476309 0.500320
vt 0.973244 0.478595
vt 0.972756 0.487760
vt 0.967439 0.494469
vt 0.958717 0.496925
vt 0.973923 0.496927
vt 0.973923 0.007346
vt 0.492387 0.011857
vt 0.492387 0.501438
vt 0.485495 0.500965
vt 0.485495 0.011384
vt 0.514621 0.992478
vt 0.505935 0.990022
vt 0.500631 0.983313
vt 0.500130 0.974148
vt 0.543334 0.503360
vt 0.543334 0.989709
vt 0.532118 0.989207
vt 0.532118 0.502859
vt 0.988243 0.496924
vt 0.988243 0.007344
vt 0.993992 0.007344
vt 0.993992 0.496924
vt 0.558656 0.503544
vt 0.558656 0.503544
vt 0.558656 0.503544
vt 0.558656 0.503544
vt 0.558656 0.989892
vt 0.520622 0.747688
vt 0.000000 0.000000
vt 0.000000 0.000000
vt 0.000000 0.000000
vt 0.000000 0.000000
vt 0.000000 0.000000
vt 0.000000 0.000000
vt 0.000000 0.000000
vt 0.000000 0.000000
vt 0.520480 0.564095
vt 0.519566 0.564095
vt 0.519566 0.533496
vt 0.520412 0.533496
vt 0.520530 0.594694
vt 0.519566 0.594694
vt 0.520566 0.625292
vt 0.519566 0.625292
vt 0.520592 0.655891
vt 0.519566 0.655891
vt 0.520609 0.686490
vt 0.519566 0.686490
vt 0.520619 0.717089
vt 0.519566 0.717089
vt 0.953750 0.037942
vt 0.970578 0.037942
vt 0.965829 0.068541
vt 0.953750 0.068541
vt 0.507459 0.564095
vt 0.502765 0.533496
vt 0.509337 0.594694
vt 0.510276 0.625292
vt 0.510276 0.655891
vt 0.942011 0.160338
vt 0.953750 0.160338
vt 0.953750 0.190936
vt 0.942011 0.190936
vt 0.953750 0.221535
vt 0.942011 0.221535
vt 0.689960 0.482771
vt 0.689960 0.007217
vt 0.659316 0.482762
vt 0.659316 0.007217
vt 0.519566 0.502897
vt 0.519566 0.502897
vt 0.525410 0.506997
vt 0.529687 0.518197
vt 0.531253 0.533496
vt 0.628673 0.482744
vt 0.628673 0.007217
vt 0.953750 0.007344
vt 0.953750 0.007344
vt 0.942011 0.037942
vt 0.942011 0.037942
vt 0.943584 0.022643
vt 0.947881 0.011443
vt 0.598029 0.482718
vt 0.598029 0.007217
vt 0.567385 0.482681
vt 0.567386 0.007217
vt 0.536742 0.482631
vt 0.536742 0.007217
vt 0.506099 0.482562
vt 0.506099 0.007217
vt 0.942011 0.068541
vt 0.953750 0.099140
vt 0.942011 0.099140
vt 0.953750 0.129739
vt 0.942011 0.129739
vt 0.600622 0.992481
vt 0.595569 0.992481
vt 0.595569 0.502900
vt 0.600622 0.502900
vt 0.035352 0.009874
vt 0.066149 0.008334
vt 0.066149 0.497915
vt 0.035352 0.499455
vt 0.096844 0.007718
vt 0.096844 0.497299
vt 0.127505 0.007410
vt 0.127505 0.496991
vt 0.158131 0.007410
vt 0.158131 0.496991
vt 0.188758 0.007410
vt 0.188758 0.496991
vt 0.219385 0.007410
vt 0.219385 0.496991
vt 0.963929 0.099140
vt 0.962979 0.129739
vt 0.962979 0.160338
vt 0.962979 0.190936
vt 0.962979 0.221535
vt 0.510276 0.717089
vt 0.510276 0.686490
vt 0.022976 0.010739
vt 0.022976 0.500320
vt 0.958717 0.007344
vt 0.967439 0.009799
vt 0.972756 0.016509
vt 0.973244 0.025674
vt 0.586598 0.992654
vt 0.586598 0.503073
vt 0.007277 0.011857
vt 0.013815 0.011385
vt 0.013815 0.500965
vt 0.007277 0.501438
vt 0.500130 0.521227
vt 0.500631 0.512062
vt 0.505935 0.505353
vt 0.514621 0.502897
vt 0.570668 0.989391
vt 0.559452 0.989892
vt 0.559452 0.503544
vt 0.570668 0.503043
vt 0.999914 0.496924
vt 0.994165 0.496924
vt 0.994165 0.007344
vt 0.999914 0.007344
vt 0.585990 0.989207
vt 0.585990 0.502859
vt 0.585990 0.989207
vt 0.585990 0.989207
vt 0.585990 0.989207
vt 0.751247 0.488335
vt 0.720603 0.488337
vt 0.530981 0.747688
vt 0.530981 0.778286
vt 0.526245 0.778286
vt 0.526246 0.747688
vt 0.781890 0.488330
vt 0.530981 0.808885
vt 0.526240 0.808885
vt 0.812534 0.488322
vt 0.530980 0.839484
vt 0.526232 0.839484
vt 0.843177 0.488310
vt 0.530979 0.870083
vt 0.526220 0.870083
vt 0.873821 0.488292
vt 0.530979 0.900682
vt 0.526203 0.900682
vt 0.904464 0.488267
vt 0.530977 0.931280
vt 0.526179 0.931280
vt 0.935108 0.488234
vt 0.530976 0.961879
vt 0.526147 0.961879
vt 0.011242 0.509015
vt 0.011242 0.520091
vt 0.011242 0.520091
vt 0.009758 0.514553
vt 0.011242 0.520091
vt 0.005704 0.518607
vt 0.011242 0.520091
vt 0.000166 0.520091
vt 0.689960 0.488335
vt 0.526245 0.717089
vt 0.530981 0.717089
vt 0.659316 0.488330
vt 0.526240 0.686490
vt 0.530981 0.686490
vt 0.628673 0.488322
vt 0.526232 0.655891
vt 0.530980 0.655891
vt 0.598029 0.488309
vt 0.526220 0.625292
vt 0.530979 0.625292
vt 0.567385 0.488292
vt 0.526203 0.594694
vt 0.530979 0.594694
vt 0.536742 0.488267
vt 0.526179 0.564095
vt 0.530977 0.564095
vt 0.506099 0.488234
vt 0.526147 0.533496
vt 0.530975 0.533496
vt 0.019364 0.509083
vt 0.016495 0.514049
vt 0.011526 0.516921
vt 0.011526 0.516921
vt 0.016495 0.519778
vt 0.011526 0.516921
vt 0.019364 0.524736
vt 0.011526 0.516921
vn 0.0000 0.0000 1.0000
vn -0.2066 0.9784 0.0000
vn 0.3452 -0.9381 -0.0279
vn -0.3452 0.9381 0.0279
vn -0.4520 0.8919 0.0146
vn -0.5173 0.8558 0.0083
vn -0.5426 0.8400 -0.0000
vn 0.2066 -0.9784 0.0000
vn -0.9784 -0.2066 0.0000
vn 0.9665 0.2040 -0.1560
vn 0.9765 0.2061 -0.0630
vn 0.9779 0.2065 -0.0316
vn 0.9784 0.2066 -0.0000
vn 0.4520 -0.8919 -0.0146
vn 0.5173 -0.8558 -0.0083
vn 0.5426 -0.8400 -0.0000
vn 0.9554 0.2017 -0.2158
vn 0.2487 -0.9683 -0.0243
vn 0.2769 0.0585 0.9591
vn 0.7841 0.1655 0.5981
vn 0.9777 0.2064 0.0381
vn -0.2487 0.9683 0.0243
vn -0.9184 -0.1939 0.3449
vn -0.5765 -0.1217 0.8080
vn -0.9737 -0.2056 0.0980
vn 0.8944 0.0000 -0.4472
vn 0.3452 -0.9381 0.0279
vn -0.3452 0.9381 -0.0279
vn -0.4520 0.8919 -0.0146
vn -0.5173 0.8558 -0.0083
vn 0.0000 0.0000 -1.0000
vn 0.9665 0.2040 0.1560
vn 0.9765 0.2061 0.0630
vn 0.9779 0.2065 0.0316
vn 0.4520 -0.8919 0.0146
vn 0.5173 -0.8558 0.0083
vn 0.9554 0.2017 0.2158
vn 0.2487 -0.9683 0.0243
vn 0.2769 0.0585 -0.9591
vn 0.7841 0.1655 -0.5981
vn 0.9777 0.2064 -0.0381
vn -0.2487 0.9683 -0.0243
vn -0.9184 -0.1939 -0.3449
vn -0.5765 -0.1217 -0.8080
vn -0.9737 -0.2056 -0.0980
vn -0.9996 -0.0260 0.0000
vn -0.8992 0.4375 0.0001
vn -0.8992 0.4375 0.0000
vn -0.5709 0.8210 0.0000
vn -0.2966 0.9550 0.0000
vn -0.8992 0.4376 0.0001
vn -0.5709 0.8210 0.0001
vn -0.9996 -0.0260 0.0001
vn -0.8992 0.4375 0.0002
vn -0.5709 0.8210 0.0002
vn -0.2966 0.9550 0.0001
vn -0.8992 0.4375 0.0003
vn -0.9996 -0.0260 0.0002
vn -0.8992 0.4375 0.0004
vn -0.5709 0.8210 0.0004
vn -0.8992 0.4376 0.0006
vn -0.5709 0.8210 0.0005
vn -0.2966 0.9550 0.0002
vn -0.7433 -0.0195 0.6686
vn -0.5638 0.2743 -0.7790
vn -0.3724 0.5357 -0.7578
vn -0.2516 0.9673 -0.0296
vn -0.7251 -0.1531 -0.6714
vn -0.4536 -0.0957 -0.8860
vn -0.7127 0.4345 -0.5507
vn -0.8992 0.4375 -0.0001
vn -0.8992 0.4376 -0.0001
vn -0.5709 0.8210 -0.0001
vn -0.8992 0.4375 -0.0002
vn -0.9996 -0.0260 -0.0001
vn -0.5709 0.8210 -0.0002
vn -0.2966 0.9550 -0.0001
vn -0.8992 0.4375 -0.0003
vn -0.8992 0.4375 -0.0004
vn -0.9996 -0.0260 -0.0002
vn -0.5709 0.8210 -0.0004
vn -0.8992 0.4376 -0.0006
vn -0.5709 0.8210 -0.0005
vn -0.2966 0.9550 -0.0002
vn -0.5638 0.2743 0.7790
vn -0.2578 -0.0749 -0.9633
vn -0.3724 0.5357 0.7578
vn -0.2516 0.9673 0.0296
vn -0.4536 -0.0957 0.8860
vn -0.7249 -0.1531 0.6716
vn -0.7127 0.4345 0.5507
usemtl Material.001
s off
f 1502/1961/1127 1505/1962/1127 1466/1963/1127 1465/1964/1127
f 1538/1965/1127 1533/1966/1127 1457/1967/1127 1506/1968/1127
f 1530/1969/1128 1534/1970/1128 1464/1971/1128 1472/1972/1128
f 1526/1973/1128 1530/1969/1128 1472/1972/1128 1471/1974/1128
f 1522/1975/1128 1526/1973/1128 1471/1974/1128 1470/1976/1128
f 1518/1977/1128 1522/1975/1128 1470/1976/1128 1469/1978/1128
f 1514/1979/1128 1518/1977/1128 1469/1978/1128 1468/1980/1128
f 1510/1981/1128 1514/1979/1128 1468/1980/1128 1467/1982/1128
f 1473/1983/1129 1474/1984/1129 1488/1985/1129 1487/1986/1129
f 1472/1972/1130 1464/1971/1130 1480/1987/1130 1486/1988/1130
f 1471/1974/1131 1472/1972/1131 1486/1988/1131 1485/1989/1131
f 1470/1976/1132 1471/1974/1132 1485/1989/1132 1484/1990/1132
f 1469/1978/1133 1470/1976/1133 1484/1990/1133 1483/1991/1133
f 1461/1992/1134 1462/1993/1134 1478/1994/1134 1477/1995/1134
f 1462/1993/1134 1463/1996/1134 1479/1997/1134 1478/1994/1134
f 1509/1998/1135 1598/1999/1135 1548/2000/1135 1463/2001/1135
f 1463/1996/1134 1548/2002/1134 1566/2003/1134 1479/1997/1134
f 1513/2004/1135 1509/1998/1135 1463/2001/1135 1462/2005/1135
f 1534/1970/1128 1537/2006/1128 1503/2007/1128 1504/2008/1128 1502/2009/1128 1465/2010/1128 1464/1971/1128
f 1517/2011/1135 1513/2004/1135 1462/2005/1135 1461/2012/1135
f 1505/2013/1134 1507/2014/1134 1508/2015/1134 1506/2016/1134 1457/2017/1134 1473/1983/1134 1466/2018/1134
f 1521/2019/1135 1517/2011/1135 1461/2012/1135 1460/2020/1135
f 1525/2021/1135 1521/2019/1135 1460/2020/1135 1459/2022/1135
f 1529/2023/1135 1525/2021/1135 1459/2022/1135 1458/2024/1135
f 1533/2025/1135 1529/2023/1135 1458/2024/1135 1457/2026/1135
f 1457/2017/1134 1458/2027/1134 1474/1984/1134 1473/1983/1134
f 1458/2027/1134 1459/2028/1134 1475/2029/1134 1474/1984/1134
f 1459/2028/1134 1460/2030/1134 1476/2031/1134 1475/2029/1134
f 1460/2030/1134 1461/1992/1134 1477/1995/1134 1476/2031/1134
f 1465/2032/1127 1466/2033/1127 1499/2034/1127 1494/2035/1127
f 1480/2036/1136 1487/2037/1136 1488/2038/1136 1486/2039/1136
f 1486/2039/1137 1488/2038/1137 1489/2040/1137 1485/2041/1137
f 1485/2041/1138 1489/2040/1138 1490/2042/1138 1484/2043/1138
f 1484/2043/1139 1490/2042/1139 1491/2044/1139 1483/2045/1139
f 1483/2045/1139 1491/2044/1139 1492/2046/1139 1482/2047/1139
f 1482/2047/1139 1492/2046/1139 1493/2048/1139 1481/2049/1139
f 1481/2049/1139 1493/2048/1139 1582/2050/1139 1568/2051/1139
f 1474/1984/1140 1475/2029/1140 1489/2052/1140 1488/1985/1140
f 1475/2029/1141 1476/2031/1141 1490/2053/1141 1489/2052/1141
f 1476/2031/1142 1477/1995/1142 1491/2054/1142 1490/2053/1142
f 1477/1995/1142 1478/1994/1142 1492/2055/1142 1491/2054/1142
f 1478/1994/1142 1479/1997/1142 1493/2056/1142 1492/2055/1142
f 1552/2057/1133 1467/1982/1133 1481/2058/1133 1568/2059/1133
f 1479/1997/1142 1566/2003/1142 1582/2060/1142 1493/2056/1142
f 1467/1982/1133 1468/1980/1133 1482/2061/1133 1481/2058/1133
f 1495/2062/1143 1498/2063/1143 1487/2037/1143 1480/2036/1143
f 1468/1980/1133 1469/1978/1133 1483/1991/1133 1482/2061/1133
f 1466/2018/1144 1473/1983/1144 1487/1986/1144 1498/2064/1144 1500/2065/1144 1501/2066/1144 1499/2067/1144
f 1494/2035/1145 1499/2034/1145 1501/2068/1145 1496/2069/1145
f 1496/2070/1146 1501/2071/1146 1500/2072/1146 1497/2073/1146
f 1497/2073/1147 1500/2072/1147 1498/2063/1147 1495/2062/1147
f 1464/1971/1148 1465/2010/1148 1494/2074/1148 1496/2075/1148 1497/2076/1148 1495/2077/1148 1480/1987/1148
f 1503/2078/1149 1508/2079/1149 1507/2080/1149 1504/2081/1149
f 1504/2082/1150 1507/2083/1150 1505/2084/1150 1502/2085/1150
f 1537/2086/1151 1539/2087/1151 1540/2088/1151 1538/2089/1151 1506/2090/1151 1508/2079/1151 1503/2078/1151
f 1599/2091/1128 1510/1981/1128 1467/1982/1128 1552/2057/1128
f 1591/2092/1127 1550/2093/1127 1551/2094/1127 1594/2095/1127
f 1631/2096/1152 1595/2097/1152 1541/2098/1152 1626/2099/1152
f 1623/2100/1128 1558/2101/1128 1549/2102/1128 1627/2103/1128
f 1619/2104/1128 1557/2105/1128 1558/2101/1128 1623/2100/1128
f 1615/2106/1128 1556/2107/1128 1557/2105/1128 1619/2104/1128
f 1611/2108/1128 1555/2109/1128 1556/2107/1128 1615/2106/1128
f 1607/2110/1128 1554/2111/1128 1555/2109/1128 1611/2108/1128
f 1603/2112/1128 1553/2113/1128 1554/2111/1128 1607/2110/1128
f 1559/2114/1153 1575/2115/1153 1576/2116/1153 1560/2117/1153
f 1558/2101/1154 1574/2118/1154 1567/2119/1154 1549/2102/1154
f 1557/2105/1155 1573/2120/1155 1574/2118/1155 1558/2101/1155
f 1556/2107/1156 1572/2121/1156 1573/2120/1156 1557/2105/1156
f 1555/2109/1133 1571/2122/1133 1572/2121/1133 1556/2107/1133
f 1545/2123/1134 1563/2124/1134 1564/2125/1134 1546/2126/1134
f 1546/2126/1134 1564/2125/1134 1565/2127/1134 1547/2128/1134
f 1602/2129/1135 1547/2130/1135 1548/2000/1135 1598/1999/1135
f 1547/2128/1134 1565/2127/1134 1566/2003/1134 1548/2002/1134
f 1606/2131/1135 1546/2132/1135 1547/2130/1135 1602/2129/1135
f 1627/2103/1128 1549/2102/1128 1550/2133/1128 1591/2134/1128 1593/2135/1128 1592/2136/1128 1630/2137/1128
f 1610/2138/1135 1545/2139/1135 1546/2132/1135 1606/2131/1135
f 1594/2140/1134 1551/2141/1134 1559/2114/1134 1541/2142/1134 1595/2143/1134 1597/2144/1134 1596/2145/1134
f 1614/2146/1135 1544/2147/1135 1545/2139/1135 1610/2138/1135
f 1618/2148/1135 1543/2149/1135 1544/2147/1135 1614/2146/1135
f 1622/2150/1135 1542/2151/1135 1543/2149/1135 1618/2148/1135
f 1626/2152/1135 1541/2153/1135 1542/2151/1135 1622/2150/1135
f 1541/2142/1134 1559/2114/1134 1560/2117/1134 1542/2154/1134
f 1542/2154/1134 1560/2117/1134 1561/2155/1134 1543/2156/1134
f 1543/2156/1134 1561/2155/1134 1562/2157/1134 1544/2158/1134
f 1544/2158/1134 1562/2157/1134 1563/2124/1134 1545/2123/1134
f 1550/2159/1157 1583/2160/1157 1588/2161/1157 1551/2162/1157
f 1567/2163/1158 1574/2164/1158 1576/2165/1158 1575/2166/1158
f 1574/2164/1159 1573/2167/1159 1577/2168/1159 1576/2165/1159
f 1573/2167/1160 1572/2169/1160 1578/2170/1160 1577/2168/1160
f 1572/2169/1139 1571/2171/1139 1579/2172/1139 1578/2170/1139
f 1571/2171/1139 1570/2173/1139 1580/2174/1139 1579/2172/1139
f 1570/2173/1139 1569/2175/1139 1581/2176/1139 1580/2174/1139
f 1569/2175/1139 1568/2051/1139 1582/2050/1139 1581/2176/1139
f 1560/2117/1161 1576/2116/1161 1577/2177/1161 1561/2155/1161
f 1561/2155/1162 1577/2177/1162 1578/2178/1162 1562/2157/1162
f 1562/2157/1142 1578/2178/1142 1579/2179/1142 1563/2124/1142
f 1563/2124/1142 1579/2179/1142 1580/2180/1142 1564/2125/1142
f 1564/2125/1142 1580/2180/1142 1581/2181/1142 1565/2127/1142
f 1552/2057/1133 1568/2059/1133 1569/2182/1133 1553/2113/1133
f 1565/2127/1142 1581/2181/1142 1582/2060/1142 1566/2003/1142
f 1553/2113/1133 1569/2182/1133 1570/2183/1133 1554/2111/1133
f 1584/2184/1163 1567/2163/1163 1575/2166/1163 1587/2185/1163
f 1554/2111/1133 1570/2183/1133 1571/2122/1133 1555/2109/1133
f 1551/2141/1164 1588/2186/1164 1590/2187/1164 1589/2188/1164 1587/2189/1164 1575/2115/1164 1559/2114/1164
f 1583/2160/1165 1585/2190/1165 1590/2191/1165 1588/2161/1165
f 1585/2192/1166 1586/2193/1166 1589/2194/1166 1590/2195/1166
f 1586/2193/1167 1584/2184/1167 1587/2185/1167 1589/2194/1167
f 1549/2102/1168 1567/2119/1168 1584/2196/1168 1586/2197/1168 1585/2198/1168 1583/2199/1168 1550/2133/1168
f 1592/2200/1169 1593/2201/1169 1596/2202/1169 1597/2203/1169
f 1593/2204/1170 1591/2205/1170 1594/2206/1170 1596/2207/1170
f 1630/2208/1171 1592/2200/1171 1597/2203/1171 1595/2209/1171 1631/2210/1171 1633/2211/1171 1632/2212/1171
f 1599/2091/1128 1552/2057/1128 1553/2113/1128 1603/2112/1128
s 1
f 1598/1999/1172 1509/1998/1172 1511/2213/1173 1600/2214/1174
f 1600/2215/1174 1511/2216/1173 1512/2217/1175 1601/2218/1175
f 1601/2218/1175 1512/2217/1175 1510/1981/1176 1599/2091/1176
f 1509/1998/1172 1513/2004/1172 1515/2219/1177 1511/2213/1173
f 1511/2216/1173 1515/2220/1177 1516/2221/1178 1512/2217/1175
f 1512/2217/1175 1516/2221/1178 1514/1979/1176 1510/1981/1176
f 1513/2004/1172 1517/2011/1179 1519/2222/1180 1515/2219/1177
f 1515/2220/1177 1519/2223/1180 1520/2224/1181 1516/2221/1178
f 1516/2221/1178 1520/2224/1181 1518/1977/1182 1514/1979/1176
f 1517/2011/1179 1521/2019/1179 1523/2225/1183 1519/2222/1180
f 1519/2223/1180 1523/2226/1183 1524/2227/1181 1520/2224/1181
f 1520/2224/1181 1524/2227/1181 1522/1975/1182 1518/1977/1182
f 1521/2019/1179 1525/2021/1184 1527/2228/1185 1523/2225/1183
f 1523/2226/1183 1527/2229/1185 1528/2230/1186 1524/2227/1181
f 1524/2227/1181 1528/2230/1186 1526/1973/1182 1522/1975/1182
f 1525/2021/1184 1529/2023/1184 1531/2231/1187 1527/2228/1185
f 1527/2229/1185 1531/2232/1187 1532/2233/1188 1528/2230/1186
f 1528/2230/1186 1532/2233/1188 1530/1969/1189 1526/1973/1182
f 1529/2023/1184 1533/2025/1190 1535/2234/1191 1531/2231/1187
f 1531/2232/1187 1535/2235/1191 1536/2236/1192 1532/2233/1188
f 1532/2233/1188 1536/2236/1192 1534/1970/1193 1530/1969/1189
f 1533/2237/1190 1538/2238/1194 1540/2239/1195 1535/2240/1191
f 1535/2240/1191 1540/2239/1195 1539/2241/1195 1536/2242/1192
f 1536/2242/1192 1539/2241/1195 1537/2243/1196 1534/2244/1193
f 1598/1999/1172 1600/2214/1174 1604/2245/1197 1602/2129/1172
f 1600/2215/1174 1601/2218/1175 1605/2246/1175 1604/2247/1197
f 1601/2218/1175 1599/2091/1176 1603/2112/1176 1605/2246/1175
f 1602/2129/1172 1604/2245/1197 1608/2248/1198 1606/2131/1172
f 1604/2247/1197 1605/2246/1175 1609/2249/1199 1608/2250/1198
f 1605/2246/1175 1603/2112/1176 1607/2110/1176 1609/2249/1199
f 1606/2131/1172 1608/2248/1198 1612/2251/1200 1610/2138/1201
f 1608/2250/1198 1609/2249/1199 1613/2252/1202 1612/2253/1200
f 1609/2249/1199 1607/2110/1176 1611/2108/1203 1613/2252/1202
f 1610/2138/1201 1612/2251/1200 1616/2254/1204 1614/2146/1201
f 1612/2253/1200 1613/2252/1202 1617/2255/1202 1616/2256/1204
f 1613/2252/1202 1611/2108/1203 1615/2106/1203 1617/2255/1202
f 1614/2146/1201 1616/2254/1204 1620/2257/1205 1618/2148/1206
f 1616/2256/1204 1617/2255/1202 1621/2258/1207 1620/2259/1205
f 1617/2255/1202 1615/2106/1203 1619/2104/1203 1621/2258/1207
f 1618/2148/1206 1620/2257/1205 1624/2260/1208 1622/2150/1206
f 1620/2259/1205 1621/2258/1207 1625/2261/1209 1624/2262/1208
f 1621/2258/1207 1619/2104/1203 1623/2100/1210 1625/2261/1209
f 1622/2150/1206 1624/2260/1208 1628/2263/1211 1626/2152/1212
f 1624/2262/1208 1625/2261/1209 1629/2264/1213 1628/2265/1211
f 1625/2261/1209 1623/2100/1210 1627/2103/1214 1629/2264/1213
f 1626/2266/1212 1628/2267/1211 1633/2268/1215 1631/2269/1216
f 1628/2267/1211 1629/2270/1213 1632/2271/1215 1633/2268/1215
f 1629/2270/1213 1627/2272/1214 1630/2273/1217 1632/2271/1215
o plat_Cube.001
v 1.000000 0.994703 -0.863384
v 1.000000 1.075523 -0.863384
v -0.879398 1.075523 -0.863384
v -0.879398 0.994703 -0.863384
v 1.000000 1.075523 0.868720
v -0.879398 1.075523 0.868720
v -0.879398 0.994703 0.868720
v 1.000000 0.994703 0.868720
v 1.000000 1.001715 1.039977
v 1.000000 0.994703 0.868720
v 1.000000 0.998209 1.017033
v 1.000000 0.995642 0.954349
v 1.000000 1.075523 0.868720
v 1.000000 1.068510 1.039977
v 1.000000 1.074583 0.954349
v 1.000000 1.072016 1.017033
v 1.000000 0.994703 -0.863384
v 1.000000 1.001715 -1.039977
v 1.000000 0.995642 -0.951680
v 1.000000 0.998209 -1.016318
v 1.000000 1.068510 -1.039977
v 1.000000 1.075523 -0.863384
v 1.000000 1.072016 -1.016318
v 1.000000 1.074583 -0.951680
v -0.879398 1.001715 -1.039977
v -0.879398 0.994703 -0.863384
v -0.879398 0.998209 -1.016318
v -0.879398 0.995642 -0.951680
v -0.879398 1.075523 -0.863384
v -0.879398 1.068510 -1.039977
v -0.879398 1.074583 -0.951680
v -0.879398 1.072016 -1.016318
v -0.879398 0.994703 0.868720
v -0.879398 1.001715 1.039977
v -0.879398 0.995642 0.954349
v -0.879398 0.998209 1.017033
v -0.879398 1.068510 1.039977
v -0.879398 1.075523 0.868720
v -0.879398 1.072016 1.017033
v -0.879398 1.074583 0.954349
v -0.879398 0.994703 -0.863384
v -1.000000 1.001715 -0.863384
v -0.939699 0.995642 -0.863384
v -0.983842 0.998209 -0.863384
v -1.000000 1.068510 -0.863384
v -0.879398 1.075523 -0.863384
v -0.983842 1.072016 -0.863384
v -0.939699 1.074583 -0.863384
v -1.000000 1.001715 0.868720
v -0.879398 0.994703 0.868720
v -0.983842 0.998209 0.868720
v -0.939699 0.995642 0.868720
v -0.879398 1.075523 0.868720
v -1.000000 1.068510 0.868720
v -0.939699 1.074583 0.868720
v -0.983842 1.072016 0.868720
vt 0.000000 0.000000
vt 0.000000 0.000000
vt 0.000000 0.000000
vt 0.000000 0.000000
vt 0.000000 0.000000
vt 0.000000 0.000000
vt 0.000000 0.000000
vt 0.000000 0.000000
vt 0.317185 0.350898
vt 0.317185 0.005186
vt 0.317185 0.005186
vt 0.331186 0.009204
vt 0.341435 0.020184
vt 0.345187 0.035182
vt 0.345187 0.320902
vt 0.341435 0.335900
vt 0.331186 0.346880
vt 0.317185 0.350898
vt 0.033975 0.350898
vt 0.019538 0.346880
vt 0.008970 0.335900
vt 0.005101 0.320902
vt 0.005101 0.035182
vt 0.008970 0.020184
vt 0.019538 0.009204
vt 0.033975 0.005186
vt 0.033975 0.005186
vt 0.033975 0.350898
vt 0.000000 0.000000
vt 0.000000 0.000000
vt 0.000000 0.000000
vt 0.000000 0.000000
vt 0.292139 0.391266
vt 0.296007 0.376268
vt 0.306576 0.365288
vt 0.321013 0.361270
vt 0.321013 0.361270
vt 0.321013 0.706982
vt 0.321013 0.706982
vt 0.306576 0.702964
vt 0.296007 0.691984
vt 0.292139 0.676986
vt 0.355081 0.316763
vt 0.355081 0.031043
vt 0.674659 0.031043
vt 0.674659 0.316763
vt 0.000000 0.000000
vt 0.000000 0.000000
vt 0.000000 0.000000
vt 0.000000 0.000000
vt 0.000000 0.000000
vt 0.000000 0.000000
vt 0.999580 0.320902
vt 0.995828 0.335900
vt 0.985579 0.346880
vt 0.971578 0.350898
vt 0.971578 0.350898
vt 0.971578 0.005186
vt 0.971578 0.005186
vt 0.985579 0.009204
vt 0.995828 0.020184
vt 0.999580 0.035182
vt 0.000000 0.000000
vt 0.000000 0.000000
vt 0.683701 0.661539
vt 0.683701 0.338075
vt 0.966910 0.338128
vt 0.966910 0.661592
vt 0.342261 0.676986
vt 0.339514 0.691984
vt 0.332008 0.702964
vt 0.321754 0.706982
vt 0.321754 0.706982
vt 0.321754 0.361270
vt 0.321754 0.361270
vt 0.332008 0.365288
vt 0.339514 0.376268
vt 0.342261 0.391266
vt 0.966910 0.004853
vt 0.966910 0.328317
vt 0.683701 0.328370
vt 0.683701 0.004906
vt 0.004248 0.672847
vt 0.004248 0.387127
vt 0.287458 0.387127
vt 0.287458 0.672847
vt 0.991973 0.706982
vt 0.991973 0.706982
vt 0.981720 0.702964
vt 0.974213 0.691984
vt 0.971466 0.676986
vt 0.971466 0.391266
vt 0.974213 0.376268
vt 0.981720 0.365288
vt 0.991973 0.361270
vt 0.991973 0.361270
vt 0.694532 0.994767
vt 0.694532 0.671303
vt 0.708961 0.671678
vt 0.708961 0.995142
vt 0.355081 0.005065
vt 0.674659 0.005065
vt 0.674659 0.016045
vt 0.355081 0.016045
vt 0.723396 0.671673
vt 0.723396 0.995137
vt 0.709388 0.994767
vt 0.709387 0.671303
vt 0.674659 0.690546
vt 0.355081 0.690546
vt 0.355081 0.679567
vt 0.674659 0.679567
vt 0.355081 0.664568
vt 0.674659 0.664568
vt 0.679670 0.995142
vt 0.679669 0.671678
vt 0.694099 0.671303
vt 0.694099 0.994767
vt 0.674659 0.342740
vt 0.355081 0.342740
vt 0.355081 0.331761
vt 0.674659 0.331761
vt 0.723816 0.995137
vt 0.723817 0.671673
vt 0.737825 0.671303
vt 0.737825 0.994767
vt 0.355081 0.352871
vt 0.674659 0.352871
vt 0.674659 0.363850
vt 0.355081 0.363850
vt 0.674659 0.378848
vt 0.355081 0.378848
vt 0.759664 0.670770
vt 0.759664 0.958665
vt 0.749088 0.958659
vt 0.749088 0.670764
vt 0.004248 0.361149
vt 0.287458 0.361149
vt 0.287458 0.372129
vt 0.004248 0.372129
vt 0.748770 0.670764
vt 0.748770 0.958659
vt 0.738194 0.958665
vt 0.738194 0.670770
vt 0.287458 0.698824
vt 0.004248 0.698824
vt 0.004248 0.687845
vt 0.287458 0.687845
vn 0.0000 0.0000 1.0000
vn 1.0000 0.0000 0.0000
vn -1.0000 -0.0000 0.0000
vn 0.0000 0.0000 -1.0000
vn 0.0000 1.0000 0.0000
vn 0.0000 -1.0000 0.0000
vn 0.0000 0.9999 -0.0106
vn 0.0000 0.9992 -0.0397
vn 0.0000 0.9892 -0.1466
vn 0.0000 -0.9999 0.0110
vn 0.0000 -0.9992 0.0409
vn 0.0000 -0.9885 0.1511
vn 0.0000 -0.9999 -0.0106
vn 0.0000 -0.9992 -0.0397
vn 0.0000 -0.9892 -0.1466
vn 0.0000 0.9999 0.0110
vn 0.0000 0.9992 0.0409
vn 0.0000 0.9885 0.1511
vn -0.0156 0.9999 0.0000
vn -0.0580 0.9983 0.0000
vn -0.2121 0.9773 0.0000
vn -0.0156 -0.9999 0.0000
vn -0.0580 -0.9983 0.0000
vn -0.2121 -0.9773 0.0000
usemtl Material.002
s off
f 1655/2274/1218 1662/2275/1218 1636/2276/1218 1635/2277/1218
f 1638/2278/1218 1639/2279/1218 1671/2280/1218 1646/2281/1218
f 1641/2282/1219 1638/2283/1219 1646/2284/1219 1648/2285/1219 1649/2286/1219 1647/2287/1219 1642/2288/1219 1644/2289/1219 1645/2290/1219 1643/2291/1219
f 1650/2292/1219 1652/2293/1219 1653/2294/1219 1651/2295/1219 1654/2296/1219 1656/2297/1219 1657/2298/1219 1655/2299/1219 1635/2300/1219 1634/2301/1219
f 1640/2302/1218 1641/2303/1218 1643/2304/1218 1666/2305/1218
f 1658/2306/1220 1660/2307/1220 1661/2308/1220 1659/2309/1220 1637/2310/1220 1636/2311/1220 1662/2312/1220 1664/2313/1220 1665/2314/1220 1663/2315/1220
f 1658/2316/1221 1663/2317/1221 1654/2318/1221 1651/2319/1221
f 1659/2320/1218 1650/2321/1218 1634/2322/1218 1637/2323/1218
f 1674/2324/1218 1637/2323/1218 1640/2302/1218 1683/2325/1218
f 1670/2326/1220 1672/2327/1220 1673/2328/1220 1671/2329/1220 1639/2330/1220 1640/2331/1220 1666/2332/1220 1668/2333/1220 1669/2334/1220 1667/2335/1220
f 1636/2276/1218 1679/2336/1218 1686/2337/1218 1639/2279/1218
f 1635/2338/1222 1636/2339/1222 1639/2340/1222 1638/2341/1222
f 1682/2342/1218 1684/2343/1218 1685/2344/1218 1683/2345/1218 1640/2346/1218 1639/2347/1218 1686/2348/1218 1688/2349/1218 1689/2350/1218 1687/2351/1218
f 1637/2352/1223 1634/2353/1223 1641/2354/1223 1640/2355/1223
f 1634/2301/1219 1635/2300/1219 1638/2283/1219 1641/2282/1219
f 1682/2356/1220 1687/2357/1220 1678/2358/1220 1675/2359/1220
f 1637/2360/1221 1674/2361/1221 1676/2362/1221 1677/2363/1221 1675/2364/1221 1678/2365/1221 1680/2366/1221 1681/2367/1221 1679/2368/1221 1636/2369/1221
f 1662/2370/1224 1655/2371/1224 1657/2372/1224 1664/2373/1224
f 1664/2374/1225 1657/2375/1225 1656/2376/1225 1665/2377/1225
f 1665/2377/1226 1656/2376/1226 1654/2318/1226 1663/2317/1226
f 1666/2378/1227 1643/2379/1227 1645/2380/1227 1668/2381/1227
f 1668/2382/1228 1645/2383/1228 1644/2384/1228 1669/2385/1228
f 1669/2385/1229 1644/2384/1229 1642/2386/1229 1667/2387/1229
f 1650/2388/1230 1659/2389/1230 1661/2390/1230 1652/2391/1230
f 1652/2392/1231 1661/2393/1231 1660/2394/1231 1653/2395/1231
f 1653/2395/1232 1660/2394/1232 1658/2316/1232 1651/2319/1232
f 1646/2396/1233 1671/2397/1233 1673/2398/1233 1648/2399/1233
f 1648/2400/1234 1673/2401/1234 1672/2402/1234 1649/2403/1234
f 1649/2403/1235 1672/2402/1235 1670/2404/1235 1647/2405/1235
f 1686/2406/1236 1679/2407/1236 1681/2408/1236 1688/2409/1236
f 1688/2410/1237 1681/2411/1237 1680/2412/1237 1689/2413/1237
f 1689/2413/1238 1680/2412/1238 1678/2358/1238 1687/2357/1238
f 1674/2414/1239 1683/2415/1239 1685/2416/1239 1676/2417/1239
f 1676/2418/1240 1685/2419/1240 1684/2420/1240 1677/2421/1240
f 1677/2421/1241 1684/2420/1241 1682/2356/1241 1675/2359/1241
f 1642/2386/1218 1647/2405/1218 1670/2404/1218 1667/2387/1218
